timestamp,request_id,function_name,arg_type,arg_index,response_time,source,prompt_length,response_length,status
2025-05-12T13:39:42.619555,395f42c2,0x39509351,address,0,24.101,rag,1357,42,success
2025-05-12T13:40:06.046087,7332fe54,0x39509351,uint256,1,23.420,rag,995,78,success
2025-05-12T13:40:31.625260,c4df36b8,0xa457c2d7,address,0,25.570,rag,1357,42,success
2025-05-12T13:40:56.016062,c12a922d,0xa457c2d7,uint256,1,24.386,rag,995,1,success
2025-05-12T13:41:20.781932,54060239,0xdd62ed3e,address,0,24.760,rag,1357,26,success
2025-05-12T13:41:51.824601,092a14c8,0xdd62ed3e,address,1,31.037,rag,1357,42,success
2025-05-12T13:42:16.690131,9a820099,0xf2fde38b,address,0,24.858,rag,1357,42,success
2025-05-12T13:42:16.699558,4796ff3e,0xdd62ed3e,address,0,0.000,cache,1357,26,success
2025-05-12T13:42:17.137342,f731ace4,0xdd62ed3e,address,0,0.000,cache,1357,26,success
2025-05-12T13:42:17.159767,24f07402,0xdd62ed3e,address,0,0.001,cache,1357,26,success
2025-05-12T13:42:17.169032,61d917b3,0xdd62ed3e,address,0,0.001,cache,1357,26,success
2025-05-12T13:42:17.179766,48e343bd,0xdd62ed3e,address,0,0.000,cache,1357,26,success
2025-05-12T13:42:18.262607,85ecece2,0xdd62ed3e,address,0,0.000,cache,1357,26,success
2025-05-12T13:42:18.266995,86dc7080,0xdd62ed3e,address,0,0.000,cache,1357,26,success
2025-05-12T13:42:18.272993,fa81cad8,0xdd62ed3e,address,0,0.001,cache,1357,26,success
2025-05-12T13:42:18.316460,40d00e91,0xdd62ed3e,address,0,0.000,cache,1357,26,success
2025-05-12T13:42:18.341262,54e85d36,0xdd62ed3e,address,0,0.001,cache,1357,26,success
2025-05-12T13:42:21.040279,8d534279,0xdd62ed3e,address,0,0.000,cache,1357,26,success
2025-05-12T13:42:21.084274,4b2ac4ec,0xdd62ed3e,address,0,0.000,cache,1357,26,success
2025-05-12T13:42:21.088994,a67f47ad,0xdd62ed3e,address,0,0.000,cache,1357,26,success
2025-05-12T13:42:21.116143,4cc003d1,0xdd62ed3e,address,0,0.000,cache,1357,26,success
2025-05-12T13:42:21.121836,cb350313,0xdd62ed3e,address,0,0.001,cache,1357,26,success
2025-05-12T13:42:21.126442,7e6e2d2c,0xdd62ed3e,address,0,0.000,cache,1357,26,success
2025-05-12T13:42:21.130394,31056cd7,0xdd62ed3e,address,0,0.000,cache,1357,26,success
2025-05-12T13:42:21.139107,a2fee6f0,0xdd62ed3e,address,0,0.000,cache,1357,26,success
2025-05-12T13:42:21.155644,7e8e116c,0xdd62ed3e,address,0,0.000,cache,1357,26,success
2025-05-12T13:42:21.182779,89d17254,0xdd62ed3e,address,0,0.001,cache,1357,26,success
2025-05-12T13:42:21.188104,8e916132,0xdd62ed3e,address,0,0.000,cache,1357,26,success
2025-05-12T13:42:21.194262,083cde39,0xdd62ed3e,address,0,0.001,cache,1357,26,success
2025-05-12T13:42:24.478720,84c6e60d,0xdd62ed3e,address,0,0.001,cache,1357,26,success
2025-05-12T13:42:24.489989,695f5b8a,0xdd62ed3e,address,0,0.000,cache,1357,26,success
2025-05-12T13:42:24.494589,03bd97fb,0xdd62ed3e,address,0,0.001,cache,1357,26,success
2025-05-12T13:42:24.498864,596976eb,0xdd62ed3e,address,0,0.001,cache,1357,26,success
2025-05-12T13:42:24.563054,6fa43749,0xdd62ed3e,address,0,0.000,cache,1357,26,success
2025-05-12T13:42:29.228311,e04d2654,0xdd62ed3e,address,0,0.000,cache,1357,26,success
2025-05-12T13:42:29.270557,92295795,0xdd62ed3e,address,0,0.001,cache,1357,26,success
2025-05-12T13:42:29.302810,6647e2cd,0xdd62ed3e,address,0,0.002,cache,1357,26,success
2025-05-12T13:42:29.323610,8a8f35c3,0xdd62ed3e,address,0,0.001,cache,1357,26,success
2025-05-12T13:42:29.328430,b6259c81,0xdd62ed3e,address,0,0.000,cache,1357,26,success
2025-05-12T13:42:29.347539,1fa3f4f8,0xdd62ed3e,address,0,0.000,cache,1357,26,success
2025-05-12T13:42:29.355268,6354f673,0xdd62ed3e,address,0,0.000,cache,1357,26,success
2025-05-12T13:42:34.492417,59be2c1d,0xdd62ed3e,address,0,0.000,cache,1357,26,success
2025-05-12T13:42:34.513029,4cdf9b27,0xdd62ed3e,address,0,0.000,cache,1357,26,success
2025-05-12T13:42:34.517879,4b561b54,0xdd62ed3e,address,0,0.000,cache,1357,26,success
2025-05-12T13:42:34.540195,3d35b459,0xdd62ed3e,address,0,0.001,cache,1357,26,success
2025-05-12T13:42:34.545398,7f1f8f8a,0xdd62ed3e,address,0,0.000,cache,1357,26,success
2025-05-12T13:42:34.549939,743b8a92,0xdd62ed3e,address,0,0.000,cache,1357,26,success
2025-05-12T13:42:34.554860,fb700bf7,0xdd62ed3e,address,0,0.000,cache,1357,26,success
2025-05-12T13:42:34.576322,1a1a9986,0xdd62ed3e,address,0,0.001,cache,1357,26,success
2025-05-12T13:42:34.591290,714aa47f,0xdd62ed3e,address,0,0.000,cache,1357,26,success
2025-05-12T13:42:34.597053,ca3e0934,0xdd62ed3e,address,0,0.000,cache,1357,26,success
2025-05-12T13:42:34.632967,73d6fa1e,0xdd62ed3e,address,0,0.000,cache,1357,26,success
2025-05-12T13:42:41.407152,d09faf58,0xdd62ed3e,address,0,0.004,cache,1357,26,success
2025-05-12T13:42:41.461379,d9cf6305,0xdd62ed3e,address,0,0.001,cache,1357,26,success
2025-05-12T13:42:41.479134,0e1538ce,0xdd62ed3e,address,0,0.001,cache,1357,26,success
2025-05-12T13:42:41.487128,4a091e72,0xdd62ed3e,address,0,0.001,cache,1357,26,success
2025-05-12T13:42:41.493197,3a65e73f,0xdd62ed3e,address,0,0.000,cache,1357,26,success
2025-05-12T13:42:41.529322,d6c1cb11,0xdd62ed3e,address,0,0.000,cache,1357,26,success
2025-05-12T13:42:41.571287,e11275ae,0xdd62ed3e,address,0,0.000,cache,1357,26,success
2025-05-12T13:42:41.590477,0a52d40e,0xdd62ed3e,address,0,0.000,cache,1357,26,success
2025-05-12T13:42:41.596073,db0505af,0xdd62ed3e,address,0,0.000,cache,1357,26,success
2025-05-12T13:42:41.601976,de6aaec9,0xdd62ed3e,address,0,0.001,cache,1357,26,success
2025-05-12T13:42:49.299266,d2fa742e,0xdd62ed3e,address,0,0.001,cache,1357,26,success
2025-05-12T13:42:49.376496,53541cd8,0xdd62ed3e,address,0,0.000,cache,1357,26,success
2025-05-12T13:42:49.402744,87e62fa2,0xdd62ed3e,address,0,0.000,cache,1357,26,success
2025-05-12T13:42:49.431902,0d316086,0xdd62ed3e,address,0,0.000,cache,1357,26,success
2025-05-12T13:42:49.450189,306eefc6,0xdd62ed3e,address,0,0.001,cache,1357,26,success
2025-05-12T13:42:49.456647,d1e3d881,0xdd62ed3e,address,0,0.001,cache,1357,26,success
2025-05-12T13:42:49.461769,019d3e9b,0xdd62ed3e,address,0,0.000,cache,1357,26,success
2025-05-12T13:42:49.469192,01d402c1,0xdd62ed3e,address,0,0.002,cache,1357,26,success
2025-05-12T13:42:58.092937,36e857d1,0xdd62ed3e,address,0,0.000,cache,1357,26,success
2025-05-12T13:42:58.182558,f26a4481,0xdd62ed3e,address,0,0.000,cache,1357,26,success
2025-05-12T13:42:58.187397,f48a6056,0xdd62ed3e,address,0,0.000,cache,1357,26,success
2025-05-12T13:42:58.191942,37e91188,0xdd62ed3e,address,0,0.000,cache,1357,26,success
2025-05-12T13:42:58.217471,55126b71,0xdd62ed3e,address,0,0.000,cache,1357,26,success
2025-05-12T13:42:58.246945,8d3dba35,0xdd62ed3e,address,0,0.000,cache,1357,26,success
2025-05-12T13:42:58.267571,3632c3c6,0xdd62ed3e,address,0,0.001,cache,1357,26,success
2025-05-12T13:42:58.273276,ab4625a8,0xdd62ed3e,address,0,0.000,cache,1357,26,success
2025-05-12T13:42:58.282499,f4042f9c,0xdd62ed3e,address,0,0.000,cache,1357,26,success
2025-05-12T13:42:58.298560,f10265ab,0xdd62ed3e,address,0,0.009,cache,1357,26,success
2025-05-12T13:42:58.322690,ef055501,0xdd62ed3e,address,0,0.001,cache,1357,26,success
2025-05-12T13:42:58.329107,eaf34289,0xdd62ed3e,address,0,0.000,cache,1357,26,success
2025-05-12T13:42:58.362323,619b8da6,0xdd62ed3e,address,0,0.001,cache,1357,26,success
2025-05-12T13:43:08.220637,4ff55a72,0xdd62ed3e,address,0,0.001,cache,1357,26,success
2025-05-12T13:43:08.240190,84eddc25,0xdd62ed3e,address,0,0.000,cache,1357,26,success
2025-05-12T13:43:08.245429,db7a451c,0xdd62ed3e,address,0,0.000,cache,1357,26,success
2025-05-12T13:43:08.314487,31eb8553,0xdd62ed3e,address,0,0.000,cache,1357,26,success
2025-05-12T13:43:08.319714,ff6320e6,0xdd62ed3e,address,0,0.000,cache,1357,26,success
2025-05-12T13:43:08.323719,46b56da6,0xdd62ed3e,address,0,0.000,cache,1357,26,success
2025-05-12T13:43:08.328312,ffcd8e77,0xdd62ed3e,address,0,0.001,cache,1357,26,success
2025-05-12T13:43:08.332817,f4f616cf,0xdd62ed3e,address,0,0.000,cache,1357,26,success
2025-05-12T13:43:08.357384,a952a8ef,0xdd62ed3e,address,0,0.000,cache,1357,26,success
2025-05-12T13:43:08.362535,977859bd,0xdd62ed3e,address,0,0.000,cache,1357,26,success
2025-05-12T13:43:08.413189,115224b1,0xdd62ed3e,address,0,0.001,cache,1357,26,success
2025-05-12T13:43:08.432265,9a9b00e4,0xdd62ed3e,address,0,0.001,cache,1357,26,success
2025-05-12T13:43:08.437492,47990d0d,0xdd62ed3e,address,0,0.001,cache,1357,26,success
2025-05-12T13:43:08.446469,50ef48cc,0xdd62ed3e,address,0,0.000,cache,1357,26,success
2025-05-12T13:43:08.468112,ccad7897,0xdd62ed3e,address,0,0.001,cache,1357,26,success
2025-05-12T13:43:08.476212,6cf0f4dc,0xdd62ed3e,address,0,0.000,cache,1357,26,success
2025-05-12T13:43:08.481822,aa9835e9,0xdd62ed3e,address,0,0.000,cache,1357,26,success
2025-05-12T14:23:56.380590,a750ae86,0xdd62ed3e,address,0,28.850,rag,1357,42,success
2025-05-12T14:24:27.682624,904f0ba1,0xdd62ed3e,address,1,31.296,rag,1357,26,success
2025-05-12T14:24:57.349680,4996c9d2,0xdd62ed3e,address,1,29.929,rag,1357,42,success
2025-05-12T14:25:21.152258,8a004874,0xf2fde38b,address,0,23.795,rag,1357,42,success
2025-05-13T14:31:44.319075,a2238660,0xf2fde38b,address,0,22.355,rag,1357,42,success
2025-05-13T14:32:06.777369,ed6cd82c,0xdd62ed3e,address,0,22.445,rag,1357,26,success
2025-05-13T14:32:24.158887,3e536005,0xdd62ed3e,address,1,17.375,rag,1357,26,success
2025-05-13T14:32:24.178333,251b83da,0xdd62ed3e,address,0,0.000,cache,1357,26,success
2025-05-13T14:32:24.183511,9fbd314d,0xdd62ed3e,address,1,0.000,cache,1357,26,success
2025-05-13T15:58:35.501607,cac780bf,0xf2fde38b,address,0,0.000,cache,1357,42,success
2025-05-13T15:58:35.603614,6250403c,0xdd62ed3e,address,0,0.000,cache,1357,26,success
2025-05-13T15:58:35.611217,c08c1aed,0xdd62ed3e,address,1,0.000,cache,1357,26,success
2025-05-13T15:58:35.945451,f008048c,0xdd62ed3e,address,0,0.000,cache,1357,26,success
2025-05-13T15:58:35.951928,6f666448,0xdd62ed3e,address,1,0.000,cache,1357,26,success
2025-05-13T16:00:19.824564,06e1ee8d,0xf2fde38b,address,0,0.000,cache,1357,42,success
2025-05-13T16:00:20.106634,c8bbfdee,0xdd62ed3e,address,0,0.000,cache,1357,26,success
2025-05-13T16:00:20.117345,29fc7e86,0xdd62ed3e,address,1,0.000,cache,1357,26,success
2025-05-13T16:00:20.580004,e79cad05,0xdd62ed3e,address,0,0.000,cache,1357,26,success
2025-05-13T16:00:20.587478,75f59665,0xdd62ed3e,address,1,0.000,cache,1357,26,success
2025-05-13T16:00:46.411455,93205e3d,0xf2fde38b,address,0,0.000,cache,1357,42,success
2025-05-13T16:00:46.420412,6440eeb6,0xdd62ed3e,address,0,0.000,cache,1357,26,success
2025-05-13T16:00:46.426241,1be86c57,0xdd62ed3e,address,1,0.000,cache,1357,26,success
2025-05-13T16:00:46.581274,37b64084,0xdd62ed3e,address,0,0.000,cache,1357,26,success
2025-05-13T16:00:46.588489,891aaa67,0xdd62ed3e,address,1,0.000,cache,1357,26,success
2025-05-13T16:05:26.207007,ea352a28,0xdd62ed3e,address,0,0.000,cache,1357,26,success
2025-05-13T16:05:26.216186,5f2c2961,0xdd62ed3e,address,1,0.000,cache,1357,26,success
2025-05-13T16:05:26.223605,78926ea2,0xf2fde38b,address,0,0.000,cache,1357,42,success
2025-05-13T16:05:26.243885,19104cb2,0xdd62ed3e,address,0,0.000,cache,1357,26,success
2025-05-13T16:05:26.254440,86163fe9,0xdd62ed3e,address,1,0.000,cache,1357,26,success
2025-05-13T16:05:44.927662,ad74ae9a,0xdd62ed3e,address,0,0.000,cache,1357,26,success
2025-05-13T16:05:44.936551,b53a328a,0xdd62ed3e,address,1,0.000,cache,1357,26,success
2025-05-13T16:05:44.951642,d8140ca6,0xf2fde38b,address,0,0.000,cache,1357,42,success
2025-05-13T16:05:44.967428,4e508ada,0xdd62ed3e,address,0,0.000,cache,1357,26,success
2025-05-13T16:05:44.974518,7ef8cff2,0xdd62ed3e,address,1,0.000,cache,1357,26,success
2025-05-13T16:05:45.001340,eca3a9f8,0xdd62ed3e,address,0,0.000,cache,1357,26,success
2025-05-13T16:05:45.008973,2a3391ab,0xdd62ed3e,address,1,0.000,cache,1357,26,success
2025-05-13T16:13:40.584488,b17e5302,0xf2fde38b,address,0,0.000,cache,1357,42,success
2025-05-13T16:13:40.599241,46e881ec,0xdd62ed3e,address,0,0.000,cache,1357,26,success
2025-05-13T16:13:40.612067,e0a0526c,0xdd62ed3e,address,1,0.000,cache,1357,26,success
2025-05-13T16:13:40.632675,55675d03,0xdd62ed3e,address,0,0.000,cache,1357,26,success
2025-05-13T16:13:40.638722,bcf98799,0xdd62ed3e,address,1,0.000,cache,1357,26,success
2025-05-13T16:49:06.298494,38ecaf62,0xf2fde38b,address,0,0.000,cache,1357,42,success
2025-05-13T16:49:06.316588,4bde3380,0xdd62ed3e,address,0,0.000,cache,1357,26,success
2025-05-13T16:49:06.323686,5998153c,0xdd62ed3e,address,1,0.000,cache,1357,26,success
2025-05-13T16:49:06.342598,ad95f38a,0xdd62ed3e,address,0,0.000,cache,1357,26,success
2025-05-13T16:49:06.349175,3479e2fe,0xdd62ed3e,address,1,0.000,cache,1357,26,success
2025-05-13T16:49:06.830415,7fc1d617,0xdd62ed3e,address,0,0.000,cache,1357,26,success
2025-05-13T16:49:06.840252,1d0cc8f2,0xdd62ed3e,address,1,0.000,cache,1357,26,success
2025-05-13T16:49:06.861149,edb54276,0xdd62ed3e,address,1,0.000,cache,1357,26,success
2025-05-13T16:49:06.884237,9aa56a3e,0xdd62ed3e,address,1,0.000,cache,1357,26,success
2025-05-13T16:49:06.889680,7f770dae,0xdd62ed3e,address,0,0.000,cache,1357,26,success
2025-05-13T16:49:06.894545,aba06931,0xdd62ed3e,address,1,0.000,cache,1357,26,success
2025-05-13T16:49:06.908003,7a0c8d6b,0xdd62ed3e,address,0,0.000,cache,1357,26,success
2025-05-13T16:49:06.921934,cc67f2f1,0xdd62ed3e,address,1,0.000,cache,1357,26,success
2025-05-13T16:49:06.933876,02fb47c3,0xdd62ed3e,address,1,0.000,cache,1357,26,success
2025-05-13T16:49:06.941542,c9b8dc6d,0xdd62ed3e,address,0,0.000,cache,1357,26,success
2025-05-13T16:49:08.276111,61b82ffa,0xdd62ed3e,address,0,0.000,cache,1357,26,success
2025-05-13T16:49:08.281740,2d007bf5,0xdd62ed3e,address,1,0.000,cache,1357,26,success
2025-05-13T16:49:08.290085,38e5aee5,0xdd62ed3e,address,0,0.000,cache,1357,26,success
2025-05-13T16:49:08.295431,2aff1c83,0xdd62ed3e,address,1,0.000,cache,1357,26,success
2025-05-13T16:49:08.318955,45b630fc,0xdd62ed3e,address,0,0.000,cache,1357,26,success
2025-05-13T16:49:08.324063,02a4ff24,0xdd62ed3e,address,1,0.000,cache,1357,26,success
2025-05-13T16:49:08.336623,10ac6388,0xdd62ed3e,address,0,0.000,cache,1357,26,success
2025-05-13T16:49:08.343117,1105ce1c,0xdd62ed3e,address,0,0.000,cache,1357,26,success
2025-05-13T16:49:08.348673,4e26fb65,0xdd62ed3e,address,1,0.000,cache,1357,26,success
2025-05-13T16:49:08.354281,11ff3c93,0xdd62ed3e,address,0,0.000,cache,1357,26,success
2025-05-13T16:49:08.360438,4eb74cd5,0xdd62ed3e,address,1,0.000,cache,1357,26,success
2025-05-13T16:49:08.368911,5121440c,0xdd62ed3e,address,1,0.000,cache,1357,26,success
2025-05-13T16:49:08.382514,13a6830e,0xdd62ed3e,address,0,0.000,cache,1357,26,success
2025-05-13T16:49:08.398611,4231f9b1,0xdd62ed3e,address,1,0.000,cache,1357,26,success
2025-05-13T16:49:08.404260,7ee6ec73,0xdd62ed3e,address,0,0.000,cache,1357,26,success
2025-05-13T16:49:08.413733,1d9495c4,0xdd62ed3e,address,1,0.000,cache,1357,26,success
2025-05-13T16:49:08.421644,6d3d699c,0xdd62ed3e,address,1,0.000,cache,1357,26,success
2025-05-13T16:49:08.428096,52bbb9e8,0xdd62ed3e,address,0,0.000,cache,1357,26,success
2025-05-13T16:49:08.452997,d3534d6e,0xdd62ed3e,address,1,0.000,cache,1357,26,success
2025-05-13T16:49:08.459598,6840069f,0xdd62ed3e,address,0,0.000,cache,1357,26,success
2025-05-13T16:49:08.465007,aa3f95dc,0xdd62ed3e,address,1,0.000,cache,1357,26,success
2025-05-13T16:49:08.473058,3a31d929,0xdd62ed3e,address,1,0.000,cache,1357,26,success
2025-05-13T16:49:08.481410,051cde73,0xdd62ed3e,address,1,0.000,cache,1357,26,success
2025-05-13T16:49:08.488525,63529521,0xdd62ed3e,address,1,0.000,cache,1357,26,success
2025-05-13T16:49:08.494102,62f34c23,0xdd62ed3e,address,1,0.000,cache,1357,26,success
2025-05-13T16:49:08.517938,027cdb85,0xdd62ed3e,address,1,0.000,cache,1357,26,success
2025-05-13T16:49:08.527587,46b1f004,0xdd62ed3e,address,0,0.000,cache,1357,26,success
2025-05-13T16:49:08.535051,dff83937,0xdd62ed3e,address,1,0.000,cache,1357,26,success
2025-05-13T16:49:08.541550,1594727d,0xdd62ed3e,address,0,0.000,cache,1357,26,success
2025-05-13T16:49:08.568321,981f309d,0xdd62ed3e,address,0,0.000,cache,1357,26,success
2025-05-13T16:49:08.576492,eeabaa77,0xdd62ed3e,address,0,0.000,cache,1357,26,success
2025-05-13T16:49:08.587067,55c7a4f1,0xdd62ed3e,address,0,0.000,cache,1357,26,success
2025-05-13T16:49:08.594102,bef37f66,0xdd62ed3e,address,0,0.000,cache,1357,26,success
2025-05-13T16:49:08.601321,bfa44d37,0xdd62ed3e,address,0,0.000,cache,1357,26,success
2025-05-13T16:49:08.607864,e6af73b6,0xdd62ed3e,address,1,0.000,cache,1357,26,success
2025-05-13T16:49:08.618779,4e2a2124,0xdd62ed3e,address,0,0.000,cache,1357,26,success
2025-05-13T16:49:08.625633,fb7434bc,0xdd62ed3e,address,1,0.000,cache,1357,26,success
2025-05-13T16:49:08.652672,891387c4,0xdd62ed3e,address,1,0.000,cache,1357,26,success
2025-05-13T16:49:08.661011,90c2b5e0,0xdd62ed3e,address,0,0.000,cache,1357,26,success
2025-05-13T16:49:08.672408,d84fa401,0xdd62ed3e,address,1,0.000,cache,1357,26,success
2025-05-13T16:49:08.681485,bf8dd0d7,0xdd62ed3e,address,0,0.000,cache,1357,26,success
2025-05-13T16:49:08.687936,534035ee,0xdd62ed3e,address,1,0.000,cache,1357,26,success
2025-05-13T16:49:08.694528,6ad28083,0xdd62ed3e,address,1,0.000,cache,1357,26,success
2025-05-13T16:49:08.720656,708826a8,0xdd62ed3e,address,1,0.000,cache,1357,26,success
2025-05-13T16:49:08.727616,b98cadc1,0xdd62ed3e,address,1,0.000,cache,1357,26,success
2025-05-13T16:49:08.735322,70007dda,0xdd62ed3e,address,1,0.000,cache,1357,26,success
2025-05-13T16:49:12.354721,cfdd85e8,0xdd62ed3e,address,0,0.000,cache,1357,26,success
2025-05-13T16:49:12.362594,e45df203,0xdd62ed3e,address,1,0.000,cache,1357,26,success
2025-05-13T16:49:12.371095,f60e20e6,0xdd62ed3e,address,1,0.000,cache,1357,26,success
2025-05-13T16:49:12.380130,f3f7da46,0xdd62ed3e,address,1,0.000,cache,1357,26,success
2025-05-13T16:49:12.387672,20e87814,0xdd62ed3e,address,1,0.000,cache,1357,26,success
2025-05-13T16:49:12.394540,334df20d,0xdd62ed3e,address,0,0.000,cache,1357,26,success
2025-05-13T16:49:12.399901,8074e912,0xdd62ed3e,address,1,0.000,cache,1357,26,success
2025-05-13T16:49:12.418364,be9b1446,0xdd62ed3e,address,1,0.000,cache,1357,26,success
2025-05-13T16:49:12.426750,85abeec8,0xdd62ed3e,address,0,0.000,cache,1357,26,success
2025-05-13T16:49:12.434005,e9096d20,0xdd62ed3e,address,0,0.000,cache,1357,26,success
2025-05-13T16:49:12.446826,e69e08a0,0xdd62ed3e,address,0,0.000,cache,1357,26,success
2025-05-13T16:49:12.453978,abcb6132,0xdd62ed3e,address,1,0.000,cache,1357,26,success
2025-05-13T16:49:12.476703,b1dd4312,0xdd62ed3e,address,1,0.000,cache,1357,26,success
2025-05-13T16:49:12.482828,e83645f6,0xdd62ed3e,address,1,0.000,cache,1357,26,success
2025-05-13T16:49:12.490689,325ec671,0xdd62ed3e,address,0,0.000,cache,1357,26,success
2025-05-13T16:49:12.521065,9e8514fb,0xdd62ed3e,address,1,0.000,cache,1357,26,success
2025-05-13T16:49:12.527911,576e24fa,0xdd62ed3e,address,0,0.000,cache,1357,26,success
2025-05-13T16:49:12.534194,e3d93f89,0xdd62ed3e,address,1,0.000,cache,1357,26,success
2025-05-13T16:49:12.545193,d6964253,0xdd62ed3e,address,1,0.001,cache,1357,26,success
2025-05-13T16:49:12.551241,afda904e,0xdd62ed3e,address,0,0.000,cache,1357,26,success
2025-05-13T16:49:12.589687,b51f4f21,0xdd62ed3e,address,0,0.000,cache,1357,26,success
2025-05-13T16:49:12.600290,d5b8ef9f,0xdd62ed3e,address,0,0.000,cache,1357,26,success
2025-05-13T16:49:12.619795,4ea63682,0xdd62ed3e,address,0,0.000,cache,1357,26,success
2025-05-13T16:49:12.626162,1e3da521,0xdd62ed3e,address,1,0.000,cache,1357,26,success
2025-05-13T16:49:12.643439,92a35a5b,0xdd62ed3e,address,0,0.000,cache,1357,26,success
2025-05-13T16:49:12.652910,628d5d4e,0xdd62ed3e,address,0,0.000,cache,1357,26,success
2025-05-13T16:49:12.671503,055fa2c7,0xdd62ed3e,address,0,0.000,cache,1357,26,success
2025-05-13T16:49:12.678725,7d70a615,0xdd62ed3e,address,1,0.000,cache,1357,26,success
2025-05-13T16:49:12.699679,b6578957,0xdd62ed3e,address,1,0.000,cache,1357,26,success
2025-05-13T16:49:12.709808,41f37b0e,0xdd62ed3e,address,1,0.000,cache,1357,26,success
2025-05-13T16:49:12.722315,a3845bdc,0xdd62ed3e,address,0,0.000,cache,1357,26,success
2025-05-13T16:49:12.732106,2bc9a495,0xdd62ed3e,address,0,0.000,cache,1357,26,success
2025-05-13T16:49:12.737574,33c84d2c,0xdd62ed3e,address,0,0.000,cache,1357,26,success
2025-05-13T16:49:12.746952,b09a72e5,0xdd62ed3e,address,0,0.000,cache,1357,26,success
2025-05-13T16:49:12.756093,20f8b20c,0xdd62ed3e,address,1,0.000,cache,1357,26,success
2025-05-13T16:49:17.128371,bfd21b23,0xdd62ed3e,address,0,0.000,cache,1357,26,success
2025-05-13T16:49:17.133571,57a38c9c,0xdd62ed3e,address,1,0.000,cache,1357,26,success
2025-05-13T16:49:17.141904,e255e6cf,0xdd62ed3e,address,0,0.000,cache,1357,26,success
2025-05-13T16:49:17.146823,798e72eb,0xdd62ed3e,address,1,0.000,cache,1357,26,success
2025-05-13T16:49:17.158668,5afb5c5a,0xdd62ed3e,address,0,0.000,cache,1357,26,success
2025-05-13T16:49:17.164949,35f84f9a,0xdd62ed3e,address,1,0.000,cache,1357,26,success
2025-05-13T16:49:17.182760,05f66574,0xdd62ed3e,address,1,0.000,cache,1357,26,success
2025-05-13T16:49:17.189081,b8fc8f4c,0xdd62ed3e,address,0,0.000,cache,1357,26,success
2025-05-13T16:49:17.231763,45e70c68,0xdd62ed3e,address,0,0.000,cache,1357,26,success
2025-05-13T16:49:17.238516,d490a461,0xdd62ed3e,address,1,0.000,cache,1357,26,success
2025-05-13T16:49:17.251074,cc47cfeb,0xdd62ed3e,address,0,0.000,cache,1357,26,success
2025-05-13T16:49:17.257131,97ad62e1,0xdd62ed3e,address,1,0.000,cache,1357,26,success
2025-05-13T16:49:17.263096,6cf90d0c,0xdd62ed3e,address,0,0.000,cache,1357,26,success
2025-05-13T16:49:17.280711,3deff3e2,0xdd62ed3e,address,1,0.000,cache,1357,26,success
2025-05-13T16:49:17.286591,b10c97d6,0xdd62ed3e,address,0,0.000,cache,1357,26,success
2025-05-13T16:49:17.294706,0d3ec302,0xdd62ed3e,address,0,0.000,cache,1357,26,success
2025-05-13T16:49:17.311508,1a667a86,0xdd62ed3e,address,0,0.000,cache,1357,26,success
2025-05-13T16:49:17.318939,800919c9,0xdd62ed3e,address,0,0.000,cache,1357,26,success
2025-05-13T16:49:17.326181,4ace0775,0xdd62ed3e,address,1,0.000,cache,1357,26,success
2025-05-13T16:49:17.357971,546ff404,0xdd62ed3e,address,0,0.000,cache,1357,26,success
2025-05-13T16:49:17.376074,776cec0a,0xdd62ed3e,address,1,0.000,cache,1357,26,success
2025-05-13T16:49:17.387901,0085bbb6,0xdd62ed3e,address,0,0.000,cache,1357,26,success
2025-05-13T16:49:17.403101,3f59d98a,0xdd62ed3e,address,0,0.000,cache,1357,26,success
2025-05-13T16:49:17.419899,a2161eb6,0xdd62ed3e,address,1,0.000,cache,1357,26,success
2025-05-13T16:49:17.444212,ba6afdb6,0xdd62ed3e,address,0,0.000,cache,1357,26,success
2025-05-13T16:49:17.457134,1801bf61,0xdd62ed3e,address,0,0.001,cache,1357,26,success
2025-05-13T16:49:17.467015,56abb54f,0xdd62ed3e,address,1,0.000,cache,1357,26,success
2025-05-13T16:49:17.482809,98ad95d5,0xdd62ed3e,address,0,0.000,cache,1357,26,success
2025-05-13T16:49:17.499727,4a111d8d,0xdd62ed3e,address,1,0.000,cache,1357,26,success
2025-05-13T16:49:17.511185,fbd82603,0xdd62ed3e,address,0,0.000,cache,1357,26,success
2025-05-13T16:49:17.526747,6cd96710,0xdd62ed3e,address,0,0.000,cache,1357,26,success
2025-05-13T16:49:17.541221,1b7d4614,0xdd62ed3e,address,0,0.002,cache,1357,26,success
2025-05-13T16:49:17.547744,e1f54562,0xdd62ed3e,address,0,0.000,cache,1357,26,success
2025-05-13T16:49:17.563461,0f763a52,0xdd62ed3e,address,1,0.000,cache,1357,26,success
2025-05-13T16:49:17.571591,deb625e3,0xdd62ed3e,address,0,0.000,cache,1357,26,success
2025-05-13T16:49:17.603432,8226eca4,0xdd62ed3e,address,1,0.000,cache,1357,26,success
2025-05-13T16:49:17.613959,78a3d315,0xdd62ed3e,address,1,0.000,cache,1357,26,success
2025-05-13T16:49:17.624146,c4bc379e,0xdd62ed3e,address,1,0.000,cache,1357,26,success
2025-05-13T16:49:23.184932,3b38c60a,0xdd62ed3e,address,0,0.000,cache,1357,26,success
2025-05-13T16:49:23.192011,3512e01b,0xdd62ed3e,address,0,0.000,cache,1357,26,success
2025-05-13T16:49:23.199255,1a83c76b,0xdd62ed3e,address,1,0.000,cache,1357,26,success
2025-05-13T16:49:23.205342,cae77522,0xdd62ed3e,address,1,0.000,cache,1357,26,success
2025-05-13T16:49:23.212724,09a054d8,0xdd62ed3e,address,0,0.000,cache,1357,26,success
2025-05-13T16:49:23.223185,5661101f,0xdd62ed3e,address,0,0.000,cache,1357,26,success
2025-05-13T16:49:23.232923,3d4283ee,0xdd62ed3e,address,1,0.000,cache,1357,26,success
2025-05-13T16:49:23.254253,27d19432,0xdd62ed3e,address,1,0.000,cache,1357,26,success
2025-05-13T16:49:23.260500,9681d9a1,0xdd62ed3e,address,0,0.000,cache,1357,26,success
2025-05-13T16:49:23.265956,5a06147c,0xdd62ed3e,address,0,0.000,cache,1357,26,success
2025-05-13T16:49:23.278528,b19c0959,0xdd62ed3e,address,0,0.000,cache,1357,26,success
2025-05-13T16:49:23.291228,d2b07b6e,0xdd62ed3e,address,1,0.000,cache,1357,26,success
2025-05-13T16:49:23.322296,0474adfc,0xdd62ed3e,address,1,0.000,cache,1357,26,success
2025-05-13T16:49:23.345446,dd1807fc,0xdd62ed3e,address,0,0.000,cache,1357,26,success
2025-05-13T16:49:23.354986,548be4f9,0xdd62ed3e,address,0,0.000,cache,1357,26,success
2025-05-13T16:49:23.379695,9262e0fc,0xdd62ed3e,address,0,0.000,cache,1357,26,success
2025-05-13T16:49:23.387957,1d737bc7,0xdd62ed3e,address,1,0.000,cache,1357,26,success
2025-05-13T16:49:23.432617,df35dcb3,0xdd62ed3e,address,0,0.000,cache,1357,26,success
2025-05-13T16:49:23.439696,91ff37e5,0xdd62ed3e,address,0,0.000,cache,1357,26,success
2025-05-13T16:49:23.445146,f41deb5b,0xdd62ed3e,address,1,0.000,cache,1357,26,success
2025-05-13T16:49:23.450965,e4dd6673,0xdd62ed3e,address,1,0.000,cache,1357,26,success
2025-05-13T16:49:23.458045,7f2d1a7a,0xdd62ed3e,address,1,0.000,cache,1357,26,success
2025-05-13T16:49:23.481760,04022dad,0xdd62ed3e,address,0,0.000,cache,1357,26,success
2025-05-13T16:49:23.493737,c1bc6bdc,0xdd62ed3e,address,1,0.000,cache,1357,26,success
2025-05-13T16:49:23.509283,baddb35c,0xdd62ed3e,address,0,0.000,cache,1357,26,success
2025-05-13T16:49:23.535355,a3a4a1e2,0xdd62ed3e,address,1,0.000,cache,1357,26,success
2025-05-13T16:49:23.542300,593eb6a6,0xdd62ed3e,address,0,0.000,cache,1357,26,success
2025-05-13T16:49:23.568819,0cdfad25,0xdd62ed3e,address,0,0.000,cache,1357,26,success
2025-05-13T16:49:23.581752,cb7b53d7,0xdd62ed3e,address,1,0.000,cache,1357,26,success
2025-05-13T16:49:23.601226,5207f65d,0xdd62ed3e,address,0,0.000,cache,1357,26,success
2025-05-13T16:49:23.608915,b72e9d15,0xdd62ed3e,address,0,0.000,cache,1357,26,success
2025-05-13T16:49:23.616146,1fadf52f,0xdd62ed3e,address,1,0.000,cache,1357,26,success
2025-05-13T16:49:29.856106,327e38fa,0xdd62ed3e,address,0,0.000,cache,1357,26,success
2025-05-13T16:49:29.863545,3689d5ec,0xdd62ed3e,address,1,0.000,cache,1357,26,success
2025-05-13T16:49:29.892339,3ac7b1de,0xdd62ed3e,address,1,0.000,cache,1357,26,success
2025-05-13T16:49:29.897132,94f89743,0xdd62ed3e,address,0,0.000,cache,1357,26,success
2025-05-13T16:49:29.906263,cd906985,0xdd62ed3e,address,1,0.000,cache,1357,26,success
2025-05-13T16:49:29.912530,9812a95f,0xdd62ed3e,address,1,0.000,cache,1357,26,success
2025-05-13T16:49:29.921803,53567a65,0xdd62ed3e,address,1,0.000,cache,1357,26,success
2025-05-13T16:49:29.929885,bd70315c,0xdd62ed3e,address,0,0.000,cache,1357,26,success
2025-05-13T16:49:29.938022,d694f96b,0xdd62ed3e,address,1,0.000,cache,1357,26,success
2025-05-13T16:49:29.943234,a53a4bd0,0xdd62ed3e,address,1,0.000,cache,1357,26,success
2025-05-13T16:49:29.956660,5b99b8bc,0xdd62ed3e,address,0,0.000,cache,1357,26,success
2025-05-13T16:49:29.992176,43719851,0xdd62ed3e,address,1,0.000,cache,1357,26,success
2025-05-13T16:49:30.000044,78e353c6,0xdd62ed3e,address,0,0.000,cache,1357,26,success
2025-05-13T16:49:30.009653,6edf7745,0xdd62ed3e,address,1,0.000,cache,1357,26,success
2025-05-13T16:49:30.015498,4ee8fd11,0xdd62ed3e,address,1,0.000,cache,1357,26,success
2025-05-13T16:49:30.023061,c03bf1cd,0xdd62ed3e,address,0,0.000,cache,1357,26,success
2025-05-13T16:49:30.042528,7c3c4554,0xdd62ed3e,address,1,0.000,cache,1357,26,success
2025-05-13T16:49:30.054124,d92232e3,0xdd62ed3e,address,0,0.000,cache,1357,26,success
2025-05-13T16:49:30.071069,59175fa0,0xdd62ed3e,address,1,0.000,cache,1357,26,success
2025-05-13T16:49:30.077116,cac5b4a2,0xdd62ed3e,address,0,0.000,cache,1357,26,success
2025-05-13T16:49:30.086972,6ba28b31,0xdd62ed3e,address,1,0.000,cache,1357,26,success
2025-05-13T16:49:30.093175,1b1c8a0f,0xdd62ed3e,address,0,0.000,cache,1357,26,success
2025-05-13T16:49:30.098458,35e28d8e,0xdd62ed3e,address,1,0.000,cache,1357,26,success
2025-05-13T16:49:30.130904,611bb060,0xdd62ed3e,address,0,0.000,cache,1357,26,success
2025-05-13T16:49:30.144983,3e4f1233,0xdd62ed3e,address,1,0.000,cache,1357,26,success
2025-05-13T16:49:30.185592,c0ea6fcb,0xdd62ed3e,address,0,0.000,cache,1357,26,success
2025-05-13T16:49:30.192784,15cd6fb1,0xdd62ed3e,address,1,0.000,cache,1357,26,success
2025-05-13T16:49:30.197679,4275554d,0xdd62ed3e,address,1,0.000,cache,1357,26,success
2025-05-13T16:49:30.221350,e30d7ae7,0xdd62ed3e,address,0,0.000,cache,1357,26,success
2025-05-13T16:49:30.228213,f99f1b3e,0xdd62ed3e,address,0,0.000,cache,1357,26,success
2025-05-13T16:49:30.232953,b0a66b90,0xdd62ed3e,address,1,0.000,cache,1357,26,success
2025-05-13T16:49:30.267017,552bc1ef,0xdd62ed3e,address,1,0.000,cache,1357,26,success
2025-05-13T16:49:30.273634,0b618275,0xdd62ed3e,address,1,0.000,cache,1357,26,success
2025-05-13T16:49:30.279553,a8badddd,0xdd62ed3e,address,1,0.000,cache,1357,26,success
2025-05-13T16:49:36.905601,7893641c,0xdd62ed3e,address,0,0.000,cache,1357,26,success
2025-05-13T16:49:36.914566,69ebcbb8,0xdd62ed3e,address,1,0.000,cache,1357,26,success
2025-05-13T16:49:36.939379,310500c9,0xdd62ed3e,address,0,0.000,cache,1357,26,success
2025-05-13T16:49:36.952678,786dfc68,0xdd62ed3e,address,1,0.000,cache,1357,26,success
2025-05-13T16:49:36.961933,e48d8b8c,0xdd62ed3e,address,0,0.000,cache,1357,26,success
2025-05-13T16:49:36.979894,525d6f2c,0xdd62ed3e,address,0,0.000,cache,1357,26,success
2025-05-13T16:49:37.014980,b272f2a6,0xdd62ed3e,address,0,0.000,cache,1357,26,success
2025-05-13T16:49:37.025349,7f163253,0xdd62ed3e,address,0,0.000,cache,1357,26,success
2025-05-13T16:49:37.031803,b7f41c11,0xdd62ed3e,address,1,0.000,cache,1357,26,success
2025-05-13T16:49:37.039427,c81bd46e,0xdd62ed3e,address,1,0.000,cache,1357,26,success
2025-05-13T16:49:37.066941,51060128,0xdd62ed3e,address,0,0.000,cache,1357,26,success
2025-05-13T16:49:37.076277,475282d7,0xdd62ed3e,address,1,0.000,cache,1357,26,success
2025-05-13T16:49:37.083332,f1a8a39a,0xdd62ed3e,address,0,0.000,cache,1357,26,success
2025-05-13T16:49:37.109112,67906bb1,0xdd62ed3e,address,0,0.000,cache,1357,26,success
2025-05-13T16:49:37.115938,f8e1e0a9,0xdd62ed3e,address,1,0.000,cache,1357,26,success
2025-05-13T16:49:37.122588,6c7b5dbc,0xdd62ed3e,address,1,0.000,cache,1357,26,success
2025-05-13T16:49:37.156991,8d07b6c5,0xdd62ed3e,address,0,0.000,cache,1357,26,success
2025-05-13T16:49:37.168158,df3abbf2,0xdd62ed3e,address,0,0.000,cache,1357,26,success
2025-05-13T16:49:37.174085,e5ea7dcb,0xdd62ed3e,address,1,0.000,cache,1357,26,success
2025-05-13T16:49:37.190703,70f688f1,0xdd62ed3e,address,0,0.000,cache,1357,26,success
2025-05-13T16:49:37.196879,917abf8e,0xdd62ed3e,address,0,0.000,cache,1357,26,success
2025-05-13T16:49:37.203127,7fd68bf3,0xdd62ed3e,address,0,0.000,cache,1357,26,success
2025-05-13T16:49:37.209164,9f18107a,0xdd62ed3e,address,0,0.000,cache,1357,26,success
2025-05-13T16:49:37.215223,23ce015d,0xdd62ed3e,address,1,0.000,cache,1357,26,success
2025-05-13T16:49:37.242947,55f59ec7,0xdd62ed3e,address,0,0.000,cache,1357,26,success
2025-05-13T16:49:37.249010,df0ae0b6,0xdd62ed3e,address,1,0.000,cache,1357,26,success
2025-05-13T16:49:37.259495,5113f081,0xdd62ed3e,address,0,0.000,cache,1357,26,success
2025-05-13T16:49:37.265253,32287fb5,0xdd62ed3e,address,1,0.000,cache,1357,26,success
2025-05-13T16:49:37.300777,d225a200,0xdd62ed3e,address,0,0.000,cache,1357,26,success
2025-05-13T16:49:37.305437,20282f1b,0xdd62ed3e,address,1,0.000,cache,1357,26,success
2025-05-13T16:49:37.310217,f95a8aeb,0xdd62ed3e,address,1,0.000,cache,1357,26,success
2025-05-13T16:49:44.727130,06fa8df4,0xdd62ed3e,address,0,0.000,cache,1357,26,success
2025-05-13T16:49:44.734228,e6770a56,0xdd62ed3e,address,1,0.000,cache,1357,26,success
2025-05-13T16:49:44.769315,bfaafca7,0xdd62ed3e,address,1,0.000,cache,1357,26,success
2025-05-13T16:49:44.777264,c1d5d321,0xdd62ed3e,address,1,0.000,cache,1357,26,success
2025-05-13T16:49:44.795288,01dac1a9,0xdd62ed3e,address,0,0.000,cache,1357,26,success
2025-05-13T16:49:44.803113,2ecbfa32,0xdd62ed3e,address,0,0.000,cache,1357,26,success
2025-05-13T16:49:44.824869,5c842e7d,0xdd62ed3e,address,0,0.000,cache,1357,26,success
2025-05-13T16:49:44.836012,fa2a48b4,0xdd62ed3e,address,0,0.000,cache,1357,26,success
2025-05-13T16:49:44.857757,bc9f5c83,0xdd62ed3e,address,1,0.000,cache,1357,26,success
2025-05-13T16:49:44.889888,52f5e4fa,0xdd62ed3e,address,1,0.000,cache,1357,26,success
2025-05-13T16:49:44.898863,3dbaa7b7,0xdd62ed3e,address,1,0.000,cache,1357,26,success
2025-05-13T16:49:44.923988,6b36f3ff,0xdd62ed3e,address,1,0.000,cache,1357,26,success
2025-05-13T16:49:44.930452,76561817,0xdd62ed3e,address,1,0.000,cache,1357,26,success
2025-05-13T16:49:44.940424,7a6b8f27,0xdd62ed3e,address,0,0.004,cache,1357,26,success
2025-05-13T16:49:44.946059,81453f3d,0xdd62ed3e,address,0,0.000,cache,1357,26,success
2025-05-13T16:49:44.953734,62574027,0xdd62ed3e,address,0,0.000,cache,1357,26,success
2025-05-13T16:49:44.960146,13fd50da,0xdd62ed3e,address,1,0.000,cache,1357,26,success
2025-05-13T16:49:44.970153,588a12b2,0xdd62ed3e,address,0,0.000,cache,1357,26,success
2025-05-13T16:49:44.988991,f8c28ba9,0xdd62ed3e,address,0,0.000,cache,1357,26,success
2025-05-13T16:49:45.016355,6521a01b,0xdd62ed3e,address,0,0.000,cache,1357,26,success
2025-05-13T16:49:45.025678,be92c3f7,0xdd62ed3e,address,1,0.000,cache,1357,26,success
2025-05-13T16:49:45.043220,d982c73f,0xdd62ed3e,address,0,0.000,cache,1357,26,success
2025-05-13T16:49:45.054029,2659d55c,0xdd62ed3e,address,0,0.001,cache,1357,26,success
2025-05-13T16:49:45.063870,5f9d492c,0xdd62ed3e,address,1,0.000,cache,1357,26,success
2025-05-13T16:49:45.069274,1c96cbc1,0xdd62ed3e,address,1,0.000,cache,1357,26,success
2025-05-13T16:49:45.075070,abe81381,0xdd62ed3e,address,1,0.000,cache,1357,26,success
2025-05-13T16:49:45.085748,2af259e6,0xdd62ed3e,address,1,0.000,cache,1357,26,success
2025-05-13T16:49:45.119444,8ce60da6,0xdd62ed3e,address,0,0.000,cache,1357,26,success
2025-05-13T16:49:45.125453,f4792cc4,0xdd62ed3e,address,1,0.000,cache,1357,26,success
2025-05-13T16:49:45.133986,d6c2baa2,0xdd62ed3e,address,0,0.000,cache,1357,26,success
2025-05-13T16:49:45.140979,9cb7d5bc,0xdd62ed3e,address,0,0.000,cache,1357,26,success
2025-05-13T16:49:45.151676,614324b8,0xdd62ed3e,address,0,0.000,cache,1357,26,success
2025-05-13T16:49:45.160469,d5edab14,0xdd62ed3e,address,1,0.000,cache,1357,26,success
2025-05-13T16:49:45.192217,3e717c56,0xdd62ed3e,address,1,0.000,cache,1357,26,success
2025-05-13T16:49:45.197244,ccefd2c1,0xdd62ed3e,address,0,0.000,cache,1357,26,success
2025-05-13T16:49:45.205992,531b1e62,0xdd62ed3e,address,0,0.000,cache,1357,26,success
2025-05-13T16:49:45.213877,83879759,0xdd62ed3e,address,1,0.000,cache,1357,26,success
2025-05-13T16:49:45.226097,39b014a7,0xdd62ed3e,address,1,0.000,cache,1357,26,success
2025-05-13T16:49:45.232869,a41f7afd,0xdd62ed3e,address,1,0.000,cache,1357,26,success
2025-05-13T16:49:45.243347,38d3cb37,0xdd62ed3e,address,1,0.000,cache,1357,26,success
2025-05-13T16:49:45.267766,84de59d6,0xdd62ed3e,address,0,0.000,cache,1357,26,success
2025-05-13T16:49:45.273312,1408f586,0xdd62ed3e,address,1,0.000,cache,1357,26,success
2025-05-13T16:49:45.281186,192833fd,0xdd62ed3e,address,1,0.000,cache,1357,26,success
2025-05-13T16:49:45.287673,bb38a0d6,0xdd62ed3e,address,1,0.000,cache,1357,26,success
2025-05-13T16:49:45.293751,3c899e17,0xdd62ed3e,address,1,0.000,cache,1357,26,success
2025-05-13T16:49:45.313508,30da963c,0xdd62ed3e,address,0,0.000,cache,1357,26,success
2025-05-13T16:49:45.319684,b557948f,0xdd62ed3e,address,0,0.000,cache,1357,26,success
2025-05-13T16:49:45.326518,95cce43b,0xdd62ed3e,address,0,0.000,cache,1357,26,success
2025-05-13T16:49:45.331609,e8e8b4e0,0xdd62ed3e,address,0,0.000,cache,1357,26,success
2025-05-13T16:49:45.339541,91ba8083,0xdd62ed3e,address,1,0.000,cache,1357,26,success
2025-05-13T16:49:45.345467,29bf43d7,0xdd62ed3e,address,0,0.000,cache,1357,26,success
2025-05-13T16:49:45.351274,dcdd937c,0xdd62ed3e,address,0,0.000,cache,1357,26,success
2025-05-13T16:49:45.362023,e9153416,0xdd62ed3e,address,1,0.000,cache,1357,26,success
2025-05-13T16:49:45.368373,c5288143,0xdd62ed3e,address,0,0.000,cache,1357,26,success
2025-05-13T16:49:45.376374,2f6c4078,0xdd62ed3e,address,0,0.000,cache,1357,26,success
2025-05-13T16:49:54.714425,5cfe29f5,0xdd62ed3e,address,0,0.000,cache,1357,26,success
2025-05-13T16:49:54.722176,020f0166,0xdd62ed3e,address,1,0.000,cache,1357,26,success
2025-05-13T16:49:54.752378,74dfd3f1,0xdd62ed3e,address,1,0.000,cache,1357,26,success
2025-05-13T16:49:54.758179,e4bf092a,0xdd62ed3e,address,1,0.000,cache,1357,26,success
2025-05-13T16:49:54.763487,4dd669e2,0xdd62ed3e,address,0,0.000,cache,1357,26,success
2025-05-13T16:49:54.770428,26633afc,0xdd62ed3e,address,1,0.000,cache,1357,26,success
2025-05-13T16:49:54.775622,b93f1773,0xdd62ed3e,address,1,0.000,cache,1357,26,success
2025-05-13T16:49:54.784287,be8ef171,0xdd62ed3e,address,1,0.000,cache,1357,26,success
2025-05-13T16:49:54.793494,29ecb777,0xdd62ed3e,address,0,0.000,cache,1357,26,success
2025-05-13T16:49:54.802335,a871fb65,0xdd62ed3e,address,0,0.000,cache,1357,26,success
2025-05-13T16:49:54.810061,31d77930,0xdd62ed3e,address,0,0.000,cache,1357,26,success
2025-05-13T16:49:54.815571,31644922,0xdd62ed3e,address,0,0.000,cache,1357,26,success
2025-05-13T16:49:54.822688,9387dcd8,0xdd62ed3e,address,1,0.000,cache,1357,26,success
2025-05-13T16:49:54.850817,168ea2c6,0xdd62ed3e,address,1,0.000,cache,1357,26,success
2025-05-13T16:49:54.857055,40d3ffb3,0xdd62ed3e,address,1,0.000,cache,1357,26,success
2025-05-13T16:49:54.869125,c8948bda,0xdd62ed3e,address,0,0.000,cache,1357,26,success
2025-05-13T16:49:54.874684,61b325fb,0xdd62ed3e,address,0,0.000,cache,1357,26,success
2025-05-13T16:49:54.902188,dc0d3438,0xdd62ed3e,address,0,0.000,cache,1357,26,success
2025-05-13T16:49:54.908325,c18d8da2,0xdd62ed3e,address,1,0.000,cache,1357,26,success
2025-05-13T16:49:54.915443,843ed273,0xdd62ed3e,address,1,0.000,cache,1357,26,success
2025-05-13T16:49:54.946473,ad092961,0xdd62ed3e,address,0,0.000,cache,1357,26,success
2025-05-13T16:49:54.953020,7ada3759,0xdd62ed3e,address,0,0.000,cache,1357,26,success
2025-05-13T16:49:54.963934,271420eb,0xdd62ed3e,address,1,0.000,cache,1357,26,success
2025-05-13T16:49:54.970581,655d7c14,0xdd62ed3e,address,0,0.000,cache,1357,26,success
2025-05-13T16:49:54.983219,c7921de7,0xdd62ed3e,address,0,0.000,cache,1357,26,success
2025-05-13T16:49:54.990065,897c6689,0xdd62ed3e,address,0,0.000,cache,1357,26,success
2025-05-13T16:49:55.006320,848972c7,0xdd62ed3e,address,0,0.000,cache,1357,26,success
2025-05-13T16:49:55.036248,fbbddb5e,0xdd62ed3e,address,1,0.000,cache,1357,26,success
2025-05-13T16:49:55.041919,f4095e08,0xdd62ed3e,address,0,0.000,cache,1357,26,success
2025-05-13T16:49:55.048320,4869d38f,0xdd62ed3e,address,1,0.000,cache,1357,26,success
2025-05-13T16:49:55.057059,495c894c,0xdd62ed3e,address,1,0.000,cache,1357,26,success
2025-05-13T16:49:55.075412,f3627ba7,0xdd62ed3e,address,0,0.000,cache,1357,26,success
2025-05-13T16:49:55.082502,30446da8,0xdd62ed3e,address,1,0.000,cache,1357,26,success
2025-05-13T16:49:55.094397,5155056e,0xdd62ed3e,address,0,0.000,cache,1357,26,success
2025-05-13T16:49:55.100176,647e45a5,0xdd62ed3e,address,1,0.000,cache,1357,26,success
2025-05-13T16:49:55.125957,cb035573,0xdd62ed3e,address,1,0.000,cache,1357,26,success
2025-05-13T16:49:55.132170,cd3dd704,0xdd62ed3e,address,0,0.000,cache,1357,26,success
2025-05-13T16:49:55.139804,bde7e21f,0xdd62ed3e,address,1,0.000,cache,1357,26,success
2025-05-13T16:49:55.148420,91761cb9,0xdd62ed3e,address,0,0.000,cache,1357,26,success
2025-05-13T16:49:55.155429,94cda7a6,0xdd62ed3e,address,0,0.000,cache,1357,26,success
2025-05-13T16:49:55.165662,6efd427c,0xdd62ed3e,address,1,0.000,cache,1357,26,success
2025-05-13T16:49:55.174725,8995ec26,0xdd62ed3e,address,0,0.000,cache,1357,26,success
2025-05-13T16:49:55.197158,ab484cc9,0xdd62ed3e,address,1,0.000,cache,1357,26,success
2025-05-13T16:49:55.216700,fb73705f,0xdd62ed3e,address,0,0.000,cache,1357,26,success
2025-05-13T16:49:55.222464,7d1f3b25,0xdd62ed3e,address,1,0.000,cache,1357,26,success
2025-05-13T16:49:55.256457,4956a031,0xdd62ed3e,address,0,0.000,cache,1357,26,success
2025-05-13T16:49:55.270125,a084430d,0xdd62ed3e,address,1,0.000,cache,1357,26,success
2025-05-13T16:49:55.275380,2bea8767,0xdd62ed3e,address,0,0.000,cache,1357,26,success
2025-05-13T16:49:55.280837,a3c4e753,0xdd62ed3e,address,1,0.000,cache,1357,26,success
2025-05-13T16:49:55.288902,0a1908c3,0xdd62ed3e,address,0,0.000,cache,1357,26,success
2025-05-13T16:49:55.300823,f209002e,0xdd62ed3e,address,0,0.000,cache,1357,26,success
2025-05-13T16:49:55.306398,b2ce5514,0xdd62ed3e,address,1,0.000,cache,1357,26,success
2025-05-13T16:49:55.313474,2cd62847,0xdd62ed3e,address,0,0.000,cache,1357,26,success
2025-05-13T16:49:55.322924,5887ce2d,0xdd62ed3e,address,1,0.000,cache,1357,26,success
2025-05-13T16:49:55.359008,75564af1,0xdd62ed3e,address,0,0.000,cache,1357,26,success
2025-05-13T16:49:55.370969,0dd8c079,0xdd62ed3e,address,0,0.000,cache,1357,26,success
2025-05-13T16:49:55.393533,0bbba92d,0xdd62ed3e,address,1,0.000,cache,1357,26,success
2025-05-13T16:49:55.400525,a7939607,0xdd62ed3e,address,1,0.000,cache,1357,26,success
2025-05-13T16:49:55.440818,36d645bc,0xdd62ed3e,address,1,0.000,cache,1357,26,success
2025-05-13T16:49:55.465058,702b73e2,0xdd62ed3e,address,1,0.000,cache,1357,26,success
2025-05-13T16:49:55.472367,fdee38cc,0xdd62ed3e,address,0,0.000,cache,1357,26,success
2025-05-13T16:49:55.479159,46feef9c,0xdd62ed3e,address,0,0.000,cache,1357,26,success
2025-05-13T16:50:07.248337,bac28a12,0xdd62ed3e,address,0,0.000,cache,1357,26,success
2025-05-13T16:50:07.253510,f23974b4,0xdd62ed3e,address,1,0.000,cache,1357,26,success
2025-05-13T16:50:07.282501,a8a39ce4,0xdd62ed3e,address,1,0.000,cache,1357,26,success
2025-05-13T16:50:07.288882,0a9ca8b8,0xdd62ed3e,address,0,0.000,cache,1357,26,success
2025-05-13T16:50:07.296486,3555afc6,0xdd62ed3e,address,1,0.000,cache,1357,26,success
2025-05-13T16:50:07.309730,fff3d9b1,0xdd62ed3e,address,1,0.000,cache,1357,26,success
2025-05-13T16:50:07.317081,d50273cb,0xdd62ed3e,address,1,0.000,cache,1357,26,success
2025-05-13T16:50:07.324082,e79b9861,0xdd62ed3e,address,1,0.000,cache,1357,26,success
2025-05-13T16:50:07.331404,6c933d9c,0xdd62ed3e,address,1,0.000,cache,1357,26,success
2025-05-13T16:50:07.337801,89040b70,0xdd62ed3e,address,0,0.000,cache,1357,26,success
2025-05-13T16:50:07.363462,6d7f0b40,0xdd62ed3e,address,1,0.000,cache,1357,26,success
2025-05-13T16:50:07.368536,0862d6b7,0xdd62ed3e,address,1,0.000,cache,1357,26,success
2025-05-13T16:50:07.376056,2ed8483e,0xdd62ed3e,address,0,0.000,cache,1357,26,success
2025-05-13T16:50:07.380832,ec6fcbbe,0xdd62ed3e,address,1,0.000,cache,1357,26,success
2025-05-13T16:50:07.386063,b83abfc8,0xdd62ed3e,address,1,0.000,cache,1357,26,success
2025-05-13T16:50:07.424600,77182fe6,0xdd62ed3e,address,1,0.000,cache,1357,26,success
2025-05-13T16:50:07.429436,5d11c8d4,0xdd62ed3e,address,1,0.000,cache,1357,26,success
2025-05-13T16:50:07.434100,be73a887,0xdd62ed3e,address,0,0.000,cache,1357,26,success
2025-05-13T16:50:07.439510,d462b14e,0xdd62ed3e,address,1,0.000,cache,1357,26,success
2025-05-13T16:50:07.444828,10b291ad,0xdd62ed3e,address,1,0.000,cache,1357,26,success
2025-05-13T16:50:07.452149,ce386430,0xdd62ed3e,address,0,0.000,cache,1357,26,success
2025-05-13T16:50:07.475877,53509e41,0xdd62ed3e,address,0,0.000,cache,1357,26,success
2025-05-13T16:50:07.483672,6fb0d819,0xdd62ed3e,address,0,0.000,cache,1357,26,success
2025-05-13T16:50:07.491737,a10546ec,0xdd62ed3e,address,0,0.000,cache,1357,26,success
2025-05-13T16:50:07.497270,86a7b5e1,0xdd62ed3e,address,1,0.000,cache,1357,26,success
2025-05-13T16:50:07.506455,55c9a246,0xdd62ed3e,address,1,0.000,cache,1357,26,success
2025-05-13T16:50:07.512302,0d2188b6,0xdd62ed3e,address,0,0.000,cache,1357,26,success
2025-05-13T16:50:07.518167,8e8b1e7d,0xdd62ed3e,address,1,0.000,cache,1357,26,success
2025-05-13T16:50:07.530060,de7aef2b,0xdd62ed3e,address,1,0.000,cache,1357,26,success
2025-05-13T16:50:07.538592,8ecdd5e6,0xdd62ed3e,address,1,0.000,cache,1357,26,success
2025-05-13T16:50:07.543771,0bb93cc1,0xdd62ed3e,address,1,0.000,cache,1357,26,success
2025-05-13T16:50:07.568368,ae37be6b,0xdd62ed3e,address,1,0.000,cache,1357,26,success
2025-05-13T16:50:07.576232,3ea1ef06,0xdd62ed3e,address,1,0.000,cache,1357,26,success
2025-05-13T16:50:07.581639,b3764896,0xdd62ed3e,address,0,0.000,cache,1357,26,success
2025-05-13T16:50:07.586588,1ac2436e,0xdd62ed3e,address,1,0.000,cache,1357,26,success
2025-05-13T16:50:07.593953,978ba1ea,0xdd62ed3e,address,0,0.000,cache,1357,26,success
2025-05-13T16:50:07.598833,33d8ef98,0xdd62ed3e,address,1,0.000,cache,1357,26,success
2025-05-13T16:50:07.620050,aee2208d,0xdd62ed3e,address,1,0.000,cache,1357,26,success
2025-05-13T16:50:07.625671,7dd5798b,0xdd62ed3e,address,1,0.000,cache,1357,26,success
2025-05-13T16:50:07.633964,125e8225,0xdd62ed3e,address,0,0.000,cache,1357,26,success
2025-05-13T16:50:07.638243,90176a23,0xdd62ed3e,address,0,0.000,cache,1357,26,success
2025-05-13T16:50:07.644471,c17d04f8,0xdd62ed3e,address,1,0.000,cache,1357,26,success
2025-05-13T16:50:07.649614,3e2a0f32,0xdd62ed3e,address,1,0.000,cache,1357,26,success
2025-05-13T16:50:07.677155,44aadd47,0xdd62ed3e,address,0,0.000,cache,1357,26,success
2025-05-13T16:50:07.686039,7b9eeefa,0xdd62ed3e,address,0,0.000,cache,1357,26,success
2025-05-13T16:50:07.699717,7d433a7e,0xdd62ed3e,address,1,0.000,cache,1357,26,success
2025-05-13T16:50:07.705689,fe4133d0,0xdd62ed3e,address,0,0.000,cache,1357,26,success
2025-05-13T16:50:07.733957,4b9a92fb,0xdd62ed3e,address,1,0.000,cache,1357,26,success
2025-05-13T16:50:07.739233,8be76d75,0xdd62ed3e,address,1,0.000,cache,1357,26,success
2025-05-13T16:50:07.745520,c016e1b2,0xdd62ed3e,address,1,0.000,cache,1357,26,success
2025-05-13T16:50:07.750840,502f75ae,0xdd62ed3e,address,0,0.000,cache,1357,26,success
2025-05-13T16:50:07.759862,d393f012,0xdd62ed3e,address,0,0.000,cache,1357,26,success
2025-05-13T16:50:07.784889,c4102c08,0xdd62ed3e,address,0,0.000,cache,1357,26,success
2025-05-13T16:50:07.790174,6ac6f979,0xdd62ed3e,address,1,0.000,cache,1357,26,success
2025-05-13T16:50:07.795971,c26ce129,0xdd62ed3e,address,1,0.000,cache,1357,26,success
2025-05-13T16:50:07.800529,e6c32238,0xdd62ed3e,address,0,0.000,cache,1357,26,success
2025-05-13T16:50:07.805823,d9148e49,0xdd62ed3e,address,0,0.000,cache,1357,26,success
2025-05-13T16:50:07.810963,8961832a,0xdd62ed3e,address,1,0.000,cache,1357,26,success
2025-05-13T16:50:07.816003,8aa6561b,0xdd62ed3e,address,0,0.000,cache,1357,26,success
2025-05-13T16:50:07.822278,07dc6c09,0xdd62ed3e,address,1,0.000,cache,1357,26,success
2025-05-13T16:50:07.826614,a24f582f,0xdd62ed3e,address,0,0.000,cache,1357,26,success
2025-05-13T16:50:07.832960,db2264b5,0xdd62ed3e,address,0,0.000,cache,1357,26,success
2025-05-13T16:50:07.840002,88a93e0c,0xdd62ed3e,address,1,0.000,cache,1357,26,success
2025-05-13T16:50:07.846836,fc44803c,0xdd62ed3e,address,1,0.000,cache,1357,26,success
2025-05-13T16:50:07.853587,e5f38919,0xdd62ed3e,address,0,0.000,cache,1357,26,success
2025-05-13T16:50:07.860804,2f65aa1e,0xdd62ed3e,address,1,0.001,cache,1357,26,success
2025-05-13T16:50:07.869517,e124e71e,0xdd62ed3e,address,0,0.000,cache,1357,26,success
2025-05-13T16:50:07.877390,589c8db9,0xdd62ed3e,address,1,0.000,cache,1357,26,success
2025-05-13T16:50:07.884875,7863d995,0xdd62ed3e,address,0,0.000,cache,1357,26,success
2025-05-13T16:50:07.889430,863a2f16,0xdd62ed3e,address,1,0.000,cache,1357,26,success
2025-05-13T16:50:07.914696,6e52f038,0xdd62ed3e,address,0,0.000,cache,1357,26,success
2025-05-13T16:50:38.994661,482aaa97,0xdd62ed3e,address,0,0.000,cache,1357,26,success
2025-05-13T16:50:39.001408,e66855db,0xdd62ed3e,address,1,0.000,cache,1357,26,success
2025-05-13T16:50:39.010120,0532eeb2,0xf2fde38b,address,0,0.000,cache,1357,42,success
2025-05-13T16:50:39.028889,0ce3d529,0xdd62ed3e,address,0,0.000,cache,1357,26,success
2025-05-13T16:50:39.036653,c7424267,0xdd62ed3e,address,1,0.000,cache,1357,26,success
2025-05-13T16:50:39.522749,4b34f67d,0xdd62ed3e,address,0,0.000,cache,1357,26,success
2025-05-13T16:50:39.528742,2dcb9195,0xdd62ed3e,address,1,0.000,cache,1357,26,success
2025-05-13T16:50:39.560300,cc3dc810,0xdd62ed3e,address,0,0.000,cache,1357,26,success
2025-05-13T16:50:39.565884,d0b9ef33,0xdd62ed3e,address,1,0.000,cache,1357,26,success
2025-05-13T16:50:39.574171,1a74e083,0xdd62ed3e,address,0,0.000,cache,1357,26,success
2025-05-13T16:50:39.583724,c178abc9,0xdd62ed3e,address,1,0.000,cache,1357,26,success
2025-05-13T16:50:39.589066,92107d93,0xdd62ed3e,address,0,0.000,cache,1357,26,success
2025-05-13T16:50:39.595135,31979ac2,0xdd62ed3e,address,0,0.000,cache,1357,26,success
2025-05-13T16:50:39.600323,de24e0a6,0xdd62ed3e,address,0,0.000,cache,1357,26,success
2025-05-13T16:50:39.609778,f49a6505,0xdd62ed3e,address,1,0.000,cache,1357,26,success
2025-05-13T16:50:39.624003,5b632c0c,0xdd62ed3e,address,0,0.000,cache,1357,26,success
2025-05-13T16:50:39.629015,d6783060,0xdd62ed3e,address,0,0.000,cache,1357,26,success
2025-05-13T16:50:39.634753,f9b07469,0xdd62ed3e,address,1,0.000,cache,1357,26,success
2025-05-13T16:50:39.641891,bf36bfd8,0xdd62ed3e,address,0,0.000,cache,1357,26,success
2025-05-13T16:50:39.657922,b7433ec0,0xdd62ed3e,address,0,0.000,cache,1357,26,success
2025-05-13T16:50:39.663560,01174f79,0xdd62ed3e,address,0,0.000,cache,1357,26,success
2025-05-13T16:50:39.670833,8ae55bf8,0xdd62ed3e,address,0,0.000,cache,1357,26,success
2025-05-13T16:50:39.676416,41f78b8f,0xdd62ed3e,address,1,0.000,cache,1357,26,success
2025-05-13T16:50:39.681426,20b5994a,0xdd62ed3e,address,1,0.000,cache,1357,26,success
2025-05-13T16:50:39.686962,768efc47,0xdd62ed3e,address,0,0.000,cache,1357,26,success
2025-05-13T16:50:41.102109,deb479c4,0xdd62ed3e,address,0,0.000,cache,1357,26,success
2025-05-13T16:50:41.109111,64b1476f,0xdd62ed3e,address,1,0.000,cache,1357,26,success
2025-05-13T16:50:41.116024,beed92cb,0xdd62ed3e,address,1,0.000,cache,1357,26,success
2025-05-13T16:50:41.125293,fe643161,0xdd62ed3e,address,0,0.000,cache,1357,26,success
2025-05-13T16:50:41.130793,6f9419f7,0xdd62ed3e,address,1,0.000,cache,1357,26,success
2025-05-13T16:50:41.159196,6b44e9dc,0xdd62ed3e,address,1,0.000,cache,1357,26,success
2025-05-13T16:50:41.165716,fbad2484,0xdd62ed3e,address,1,0.000,cache,1357,26,success
2025-05-13T16:50:41.171132,5b8183a5,0xdd62ed3e,address,1,0.000,cache,1357,26,success
2025-05-13T16:50:41.177551,9203cd73,0xdd62ed3e,address,0,0.000,cache,1357,26,success
2025-05-13T16:50:41.183818,d7894a0b,0xdd62ed3e,address,1,0.000,cache,1357,26,success
2025-05-13T16:50:41.203701,a2825aa1,0xdd62ed3e,address,1,0.000,cache,1357,26,success
2025-05-13T16:50:41.211197,a66eba0d,0xdd62ed3e,address,0,0.000,cache,1357,26,success
2025-05-13T16:50:41.216905,f4eb67d8,0xdd62ed3e,address,1,0.000,cache,1357,26,success
2025-05-13T16:50:41.227252,3cc763cd,0xdd62ed3e,address,1,0.000,cache,1357,26,success
2025-05-13T16:50:41.239989,47a6ba52,0xdd62ed3e,address,1,0.000,cache,1357,26,success
2025-05-13T16:50:41.246243,d32a306f,0xdd62ed3e,address,0,0.000,cache,1357,26,success
2025-05-13T16:50:41.252780,fa27fcbd,0xdd62ed3e,address,0,0.000,cache,1357,26,success
2025-05-13T16:50:41.262787,c2406df0,0xdd62ed3e,address,1,0.000,cache,1357,26,success
2025-05-13T16:50:41.276584,e67fb46e,0xdd62ed3e,address,0,0.000,cache,1357,26,success
2025-05-13T16:50:41.284701,e1c45c27,0xdd62ed3e,address,0,0.000,cache,1357,26,success
2025-05-13T16:50:41.289676,00f1deb8,0xdd62ed3e,address,1,0.000,cache,1357,26,success
2025-05-13T16:50:41.299385,2d807b8f,0xdd62ed3e,address,1,0.000,cache,1357,26,success
2025-05-13T16:50:41.333627,98cf9d26,0xdd62ed3e,address,1,0.000,cache,1357,26,success
2025-05-13T16:50:41.338464,b2f9bdd0,0xdd62ed3e,address,0,0.000,cache,1357,26,success
2025-05-13T16:50:41.344357,11a39bab,0xdd62ed3e,address,0,0.000,cache,1357,26,success
2025-05-13T16:50:41.348916,e804782c,0xdd62ed3e,address,0,0.000,cache,1357,26,success
2025-05-13T16:50:41.363507,2828d565,0xdd62ed3e,address,1,0.000,cache,1357,26,success
2025-05-13T16:50:41.369136,a2a3479e,0xdd62ed3e,address,0,0.000,cache,1357,26,success
2025-05-13T16:50:41.377261,ae37f6bb,0xdd62ed3e,address,1,0.000,cache,1357,26,success
2025-05-13T16:50:41.383824,f2c7a0b2,0xdd62ed3e,address,1,0.000,cache,1357,26,success
2025-05-13T16:50:41.393262,bbf9ed13,0xdd62ed3e,address,0,0.000,cache,1357,26,success
2025-05-13T16:50:41.398633,1659aa66,0xdd62ed3e,address,1,0.000,cache,1357,26,success
2025-05-13T16:50:44.104719,06f0530c,0xdd62ed3e,address,0,0.000,cache,1357,26,success
2025-05-13T16:50:44.110444,3ebdf364,0xdd62ed3e,address,1,0.000,cache,1357,26,success
2025-05-13T16:50:44.121751,ddc17b50,0xdd62ed3e,address,0,0.000,cache,1357,26,success
2025-05-13T16:50:44.127807,3048843c,0xdd62ed3e,address,0,0.000,cache,1357,26,success
2025-05-13T16:50:44.134175,1ceba9f7,0xdd62ed3e,address,1,0.000,cache,1357,26,success
2025-05-13T16:50:44.140916,96183c96,0xdd62ed3e,address,0,0.000,cache,1357,26,success
2025-05-13T16:50:44.153534,bf3fd8ef,0xdd62ed3e,address,1,0.000,cache,1357,26,success
2025-05-13T16:50:44.162604,5c91f840,0xdd62ed3e,address,0,0.000,cache,1357,26,success
2025-05-13T16:50:44.168916,1437a11d,0xdd62ed3e,address,1,0.000,cache,1357,26,success
2025-05-13T16:50:44.174372,f5c9050e,0xdd62ed3e,address,0,0.000,cache,1357,26,success
2025-05-13T16:50:44.182550,a2bcf346,0xdd62ed3e,address,1,0.000,cache,1357,26,success
2025-05-13T16:50:44.191737,5c9c9de6,0xdd62ed3e,address,0,0.000,cache,1357,26,success
2025-05-13T16:50:44.226194,a94752cc,0xdd62ed3e,address,0,0.000,cache,1357,26,success
2025-05-13T16:50:44.233367,643206e7,0xdd62ed3e,address,1,0.000,cache,1357,26,success
2025-05-13T16:50:44.242644,79655f1e,0xdd62ed3e,address,1,0.000,cache,1357,26,success
2025-05-13T16:50:44.248794,b2525612,0xdd62ed3e,address,1,0.000,cache,1357,26,success
2025-05-13T16:50:44.255886,d8fefac6,0xdd62ed3e,address,0,0.000,cache,1357,26,success
2025-05-13T16:50:44.261669,4aebe436,0xdd62ed3e,address,1,0.000,cache,1357,26,success
2025-05-13T16:50:44.273014,dcfbb178,0xdd62ed3e,address,0,0.000,cache,1357,26,success
2025-05-13T16:50:44.282428,4c377f04,0xdd62ed3e,address,1,0.000,cache,1357,26,success
2025-05-13T16:50:44.291982,073ebc22,0xdd62ed3e,address,1,0.000,cache,1357,26,success
2025-05-13T16:50:44.299557,f7f84933,0xdd62ed3e,address,0,0.000,cache,1357,26,success
2025-05-13T16:50:44.306827,c32ff2db,0xdd62ed3e,address,1,0.000,cache,1357,26,success
2025-05-13T16:50:44.326543,595ef88b,0xdd62ed3e,address,1,0.000,cache,1357,26,success
2025-05-13T16:50:44.334553,14b1e9a1,0xdd62ed3e,address,1,0.000,cache,1357,26,success
2025-05-13T16:50:44.342983,f1da3e0a,0xdd62ed3e,address,0,0.000,cache,1357,26,success
2025-05-13T16:50:44.364269,1fcb7885,0xdd62ed3e,address,1,0.000,cache,1357,26,success
2025-05-13T16:50:44.371935,da30e1d2,0xdd62ed3e,address,1,0.000,cache,1357,26,success
2025-05-13T16:50:44.379448,c587f5d5,0xdd62ed3e,address,0,0.000,cache,1357,26,success
2025-05-13T16:50:44.386480,2311c90f,0xdd62ed3e,address,1,0.000,cache,1357,26,success
2025-05-13T16:50:44.411818,b4d6d808,0xdd62ed3e,address,1,0.000,cache,1357,26,success
2025-05-13T16:50:44.420596,68098d97,0xdd62ed3e,address,0,0.000,cache,1357,26,success
2025-05-13T16:50:44.434063,0d720b1a,0xdd62ed3e,address,0,0.000,cache,1357,26,success
2025-05-13T16:50:44.441452,7d0e365d,0xdd62ed3e,address,1,0.000,cache,1357,26,success
2025-05-13T16:50:44.459158,f2ceafc6,0xdd62ed3e,address,1,0.000,cache,1357,26,success
2025-05-13T16:50:44.483124,06345da7,0xdd62ed3e,address,0,0.000,cache,1357,26,success
2025-05-13T16:50:44.497266,fbb624af,0xdd62ed3e,address,1,0.000,cache,1357,26,success
2025-05-13T16:50:44.524791,3311b30a,0xdd62ed3e,address,0,0.000,cache,1357,26,success
2025-05-13T16:50:44.532914,323c8245,0xdd62ed3e,address,1,0.000,cache,1357,26,success
2025-05-13T16:50:44.557362,69b67ef3,0xdd62ed3e,address,1,0.000,cache,1357,26,success
2025-05-13T16:50:44.567294,52e1fb76,0xdd62ed3e,address,1,0.000,cache,1357,26,success
2025-05-13T16:50:44.575191,b22b498f,0xdd62ed3e,address,0,0.000,cache,1357,26,success
2025-05-13T16:50:44.583905,1e6a7a6e,0xdd62ed3e,address,1,0.000,cache,1357,26,success
2025-05-13T16:50:44.594530,22d4c497,0xdd62ed3e,address,0,0.000,cache,1357,26,success
2025-05-13T16:50:44.604069,35070886,0xdd62ed3e,address,1,0.000,cache,1357,26,success
2025-05-13T16:50:44.610628,0e41fd84,0xdd62ed3e,address,0,0.000,cache,1357,26,success
2025-05-13T16:50:44.619152,9c9d3961,0xdd62ed3e,address,0,0.000,cache,1357,26,success
2025-05-13T16:50:44.625060,da78afaf,0xdd62ed3e,address,0,0.000,cache,1357,26,success
2025-05-13T16:50:44.637066,c4d586ed,0xdd62ed3e,address,0,0.000,cache,1357,26,success
2025-05-13T16:50:44.641510,ad044a12,0xdd62ed3e,address,0,0.000,cache,1357,26,success
2025-05-13T16:50:44.647589,f2e7de3e,0xdd62ed3e,address,1,0.000,cache,1357,26,success
2025-05-13T16:50:44.662629,498a31a6,0xdd62ed3e,address,1,0.000,cache,1357,26,success
2025-05-13T16:50:44.676957,83c5c2e9,0xdd62ed3e,address,0,0.000,cache,1357,26,success
2025-05-13T16:50:44.687391,eaa2e576,0xdd62ed3e,address,0,0.000,cache,1357,26,success
2025-05-13T16:50:44.692680,6105dbef,0xdd62ed3e,address,1,0.000,cache,1357,26,success
2025-05-13T16:50:44.696731,887500e7,0xdd62ed3e,address,1,0.000,cache,1357,26,success
2025-05-13T16:50:44.712332,83d5773c,0xdd62ed3e,address,0,0.000,cache,1357,26,success
2025-05-13T16:50:44.718689,a2c87d7a,0xdd62ed3e,address,0,0.000,cache,1357,26,success
2025-05-13T16:50:44.726229,aee47053,0xdd62ed3e,address,0,0.000,cache,1357,26,success
2025-05-13T16:50:44.736452,58ceed0c,0xdd62ed3e,address,0,0.000,cache,1357,26,success
2025-05-13T16:50:44.752335,3c42a486,0xdd62ed3e,address,1,0.000,cache,1357,26,success
2025-05-13T16:50:44.757875,c1ac9492,0xdd62ed3e,address,0,0.000,cache,1357,26,success
2025-05-13T16:50:44.773560,fbc97e82,0xdd62ed3e,address,1,0.000,cache,1357,26,success
2025-05-13T16:50:44.780450,a6b3a312,0xdd62ed3e,address,1,0.000,cache,1357,26,success
2025-05-13T16:50:48.767040,9b302e32,0xdd62ed3e,address,0,0.000,cache,1357,26,success
2025-05-13T16:50:48.773408,a90e8875,0xdd62ed3e,address,1,0.000,cache,1357,26,success
2025-05-13T16:50:48.788746,1f68b206,0xdd62ed3e,address,1,0.000,cache,1357,26,success
2025-05-13T16:50:48.795336,6d36610a,0xdd62ed3e,address,1,0.000,cache,1357,26,success
2025-05-13T16:50:48.802275,6eb7e8c8,0xdd62ed3e,address,0,0.000,cache,1357,26,success
2025-05-13T16:50:48.810251,3fe1df03,0xdd62ed3e,address,0,0.000,cache,1357,26,success
2025-05-13T16:50:48.816977,4e100bca,0xdd62ed3e,address,1,0.000,cache,1357,26,success
2025-05-13T16:50:48.827683,b2d158e7,0xdd62ed3e,address,0,0.000,cache,1357,26,success
2025-05-13T16:50:48.838017,7ed4fe33,0xdd62ed3e,address,1,0.000,cache,1357,26,success
2025-05-13T16:50:48.860614,9f144ea5,0xdd62ed3e,address,0,0.000,cache,1357,26,success
2025-05-13T16:50:48.895520,a5c42676,0xdd62ed3e,address,1,0.000,cache,1357,26,success
2025-05-13T16:50:48.903879,bea1d167,0xdd62ed3e,address,0,0.000,cache,1357,26,success
2025-05-13T16:50:48.913332,5845e3a0,0xdd62ed3e,address,1,0.000,cache,1357,26,success
2025-05-13T16:50:48.951147,6c3006ff,0xdd62ed3e,address,1,0.001,cache,1357,26,success
2025-05-13T16:50:48.958062,8add937a,0xdd62ed3e,address,0,0.000,cache,1357,26,success
2025-05-13T16:50:48.965672,ac8ec3d7,0xdd62ed3e,address,1,0.000,cache,1357,26,success
2025-05-13T16:50:48.981107,0be957c8,0xdd62ed3e,address,0,0.000,cache,1357,26,success
2025-05-13T16:50:48.987659,5e533bff,0xdd62ed3e,address,1,0.000,cache,1357,26,success
2025-05-13T16:50:48.998116,29118c13,0xdd62ed3e,address,0,0.000,cache,1357,26,success
2025-05-13T16:50:49.030635,5e2748c3,0xdd62ed3e,address,0,0.000,cache,1357,26,success
2025-05-13T16:50:49.038152,dd09ff73,0xdd62ed3e,address,0,0.000,cache,1357,26,success
2025-05-13T16:50:49.043946,c94418b2,0xdd62ed3e,address,1,0.000,cache,1357,26,success
2025-05-13T16:50:49.062544,838bf1d2,0xdd62ed3e,address,0,0.000,cache,1357,26,success
2025-05-13T16:50:49.068190,54e32637,0xdd62ed3e,address,0,0.000,cache,1357,26,success
2025-05-13T16:50:49.075448,83a42bcb,0xdd62ed3e,address,1,0.000,cache,1357,26,success
2025-05-13T16:50:49.083659,7beb8a05,0xdd62ed3e,address,1,0.000,cache,1357,26,success
2025-05-13T16:50:49.100029,4a798cb3,0xdd62ed3e,address,1,0.000,cache,1357,26,success
2025-05-13T16:50:49.117764,0c74d84b,0xdd62ed3e,address,1,0.000,cache,1357,26,success
2025-05-13T16:50:49.122220,e045ad8e,0xdd62ed3e,address,1,0.000,cache,1357,26,success
2025-05-13T16:50:49.135004,0c0b4579,0xdd62ed3e,address,1,0.000,cache,1357,26,success
2025-05-13T16:50:49.141821,a363bc49,0xdd62ed3e,address,0,0.000,cache,1357,26,success
2025-05-13T16:50:49.148119,06b3f7ea,0xdd62ed3e,address,0,0.000,cache,1357,26,success
2025-05-13T16:50:49.154109,fffea4a5,0xdd62ed3e,address,0,0.000,cache,1357,26,success
2025-05-13T16:50:49.160576,00bdae0f,0xdd62ed3e,address,1,0.000,cache,1357,26,success
2025-05-13T16:50:49.168326,4e9d561c,0xdd62ed3e,address,1,0.000,cache,1357,26,success
2025-05-13T16:50:49.177422,c57977dd,0xdd62ed3e,address,1,0.000,cache,1357,26,success
2025-05-13T16:50:49.184651,383ef08b,0xdd62ed3e,address,1,0.000,cache,1357,26,success
2025-05-13T16:50:49.189268,da95987c,0xdd62ed3e,address,1,0.000,cache,1357,26,success
2025-05-13T16:50:49.204829,fe17da43,0xdd62ed3e,address,0,0.000,cache,1357,26,success
2025-05-13T16:50:49.213467,80e47803,0xdd62ed3e,address,0,0.000,cache,1357,26,success
2025-05-13T16:50:49.220122,06901d21,0xdd62ed3e,address,1,0.000,cache,1357,26,success
2025-05-13T16:50:49.224422,a6539c34,0xdd62ed3e,address,0,0.000,cache,1357,26,success
2025-05-13T16:50:49.229407,3941d811,0xdd62ed3e,address,1,0.000,cache,1357,26,success
2025-05-13T16:50:49.244623,8393d658,0xdd62ed3e,address,0,0.000,cache,1357,26,success
2025-05-13T16:50:49.252531,baf04c0e,0xdd62ed3e,address,0,0.000,cache,1357,26,success
2025-05-13T16:50:49.257505,08fe9f76,0xdd62ed3e,address,1,0.000,cache,1357,26,success
2025-05-13T16:50:54.258518,a6109a9e,0xdd62ed3e,address,0,0.000,cache,1357,26,success
2025-05-13T16:50:54.263966,58d2e4fd,0xdd62ed3e,address,1,0.000,cache,1357,26,success
2025-05-13T16:50:54.269621,576514b4,0xdd62ed3e,address,1,0.000,cache,1357,26,success
2025-05-13T16:50:54.280137,c2542a93,0xdd62ed3e,address,0,0.000,cache,1357,26,success
2025-05-13T16:50:54.285610,691c0447,0xdd62ed3e,address,1,0.000,cache,1357,26,success
2025-05-13T16:50:54.290153,d9160fad,0xdd62ed3e,address,0,0.000,cache,1357,26,success
2025-05-13T16:50:54.296455,a109876c,0xdd62ed3e,address,1,0.000,cache,1357,26,success
2025-05-13T16:50:54.302751,c40dcd19,0xdd62ed3e,address,1,0.000,cache,1357,26,success
2025-05-13T16:50:54.319570,331a9a20,0xdd62ed3e,address,1,0.000,cache,1357,26,success
2025-05-13T16:50:54.325630,678a7ca7,0xdd62ed3e,address,0,0.000,cache,1357,26,success
2025-05-13T16:50:54.332073,a23ca504,0xdd62ed3e,address,1,0.000,cache,1357,26,success
2025-05-13T16:50:54.339148,2e17467c,0xdd62ed3e,address,1,0.000,cache,1357,26,success
2025-05-13T16:50:54.348062,1b3bde51,0xdd62ed3e,address,0,0.000,cache,1357,26,success
2025-05-13T16:50:54.353641,c5be8e93,0xdd62ed3e,address,0,0.000,cache,1357,26,success
2025-05-13T16:50:54.362340,b697c02e,0xdd62ed3e,address,0,0.000,cache,1357,26,success
2025-05-13T16:50:54.380460,45e23a37,0xdd62ed3e,address,1,0.000,cache,1357,26,success
2025-05-13T16:50:54.386313,d5c4cbef,0xdd62ed3e,address,0,0.000,cache,1357,26,success
2025-05-13T16:50:54.392792,59dbad5e,0xdd62ed3e,address,1,0.000,cache,1357,26,success
2025-05-13T16:50:54.398427,c4df67fd,0xdd62ed3e,address,0,0.000,cache,1357,26,success
2025-05-13T16:50:54.414740,287de5aa,0xdd62ed3e,address,0,0.000,cache,1357,26,success
2025-05-13T16:50:54.421663,534334b4,0xdd62ed3e,address,1,0.000,cache,1357,26,success
2025-05-13T16:50:54.428050,67aac509,0xdd62ed3e,address,1,0.000,cache,1357,26,success
2025-05-13T16:50:54.433540,bc56c6e2,0xdd62ed3e,address,1,0.000,cache,1357,26,success
2025-05-13T16:50:54.442643,223f4f1d,0xdd62ed3e,address,0,0.000,cache,1357,26,success
2025-05-13T16:50:54.449292,5fe4abce,0xdd62ed3e,address,1,0.000,cache,1357,26,success
2025-05-13T16:50:54.477532,45f0be42,0xdd62ed3e,address,1,0.000,cache,1357,26,success
2025-05-13T16:50:54.484151,383eb0ec,0xdd62ed3e,address,0,0.000,cache,1357,26,success
2025-05-13T16:50:54.509281,b074278f,0xdd62ed3e,address,1,0.000,cache,1357,26,success
2025-05-13T16:50:54.517660,32c72fc5,0xdd62ed3e,address,0,0.000,cache,1357,26,success
2025-05-13T16:50:54.526782,62351d42,0xdd62ed3e,address,1,0.000,cache,1357,26,success
2025-05-13T16:50:54.532618,3190d30d,0xdd62ed3e,address,1,0.000,cache,1357,26,success
2025-05-13T16:50:54.556967,46546313,0xdd62ed3e,address,0,0.000,cache,1357,26,success
2025-05-13T16:50:54.563261,5063d319,0xdd62ed3e,address,1,0.000,cache,1357,26,success
2025-05-13T16:50:54.568540,f8295e23,0xdd62ed3e,address,0,0.000,cache,1357,26,success
2025-05-13T16:50:54.598206,71aceae2,0xdd62ed3e,address,1,0.000,cache,1357,26,success
2025-05-13T16:50:54.604083,b3429d28,0xdd62ed3e,address,0,0.000,cache,1357,26,success
2025-05-13T16:50:54.609921,dc09bde2,0xdd62ed3e,address,0,0.000,cache,1357,26,success
2025-05-13T16:50:54.626242,b515f639,0xdd62ed3e,address,0,0.000,cache,1357,26,success
2025-05-13T16:50:54.631417,ff4787c7,0xdd62ed3e,address,0,0.000,cache,1357,26,success
2025-05-13T16:50:54.637078,99c20884,0xdd62ed3e,address,0,0.000,cache,1357,26,success
2025-05-13T16:50:54.646617,75bea76c,0xdd62ed3e,address,0,0.000,cache,1357,26,success
2025-05-13T16:50:54.653089,258846fb,0xdd62ed3e,address,0,0.000,cache,1357,26,success
2025-05-13T16:50:54.660320,d5fa0d09,0xdd62ed3e,address,1,0.000,cache,1357,26,success
2025-05-13T16:50:54.669387,acb1d9a2,0xdd62ed3e,address,1,0.000,cache,1357,26,success
2025-05-13T16:50:54.673926,bc190857,0xdd62ed3e,address,1,0.000,cache,1357,26,success
2025-05-13T16:50:54.679710,06d0a237,0xdd62ed3e,address,0,0.000,cache,1357,26,success
2025-05-13T16:50:54.697220,1ffbc686,0xdd62ed3e,address,0,0.000,cache,1357,26,success
2025-05-13T16:50:54.703381,349dfafd,0xdd62ed3e,address,0,0.000,cache,1357,26,success
2025-05-13T16:50:54.710761,b1a4b86c,0xdd62ed3e,address,0,0.000,cache,1357,26,success
2025-05-13T16:50:54.716949,71e32cab,0xdd62ed3e,address,1,0.000,cache,1357,26,success
2025-05-13T16:50:54.721833,0c574110,0xdd62ed3e,address,1,0.000,cache,1357,26,success
2025-05-13T16:50:54.728870,150f34fb,0xdd62ed3e,address,0,0.001,cache,1357,26,success
2025-05-13T16:50:54.735265,eecb6b8a,0xdd62ed3e,address,1,0.000,cache,1357,26,success
2025-05-13T16:50:54.739916,f4099142,0xdd62ed3e,address,0,0.000,cache,1357,26,success
2025-05-13T16:50:54.749540,aa09ca2f,0xdd62ed3e,address,0,0.000,cache,1357,26,success
2025-05-13T16:50:54.756052,2b8e4688,0xdd62ed3e,address,1,0.000,cache,1357,26,success
2025-05-13T16:51:00.749407,f4ff29a1,0xdd62ed3e,address,0,0.000,cache,1357,26,success
2025-05-13T16:51:00.757368,e92fbb49,0xdd62ed3e,address,1,0.000,cache,1357,26,success
2025-05-13T16:51:00.787902,52051dc6,0xdd62ed3e,address,0,0.000,cache,1357,26,success
2025-05-13T16:51:00.795629,ef7d4206,0xdd62ed3e,address,1,0.000,cache,1357,26,success
2025-05-13T16:51:00.813553,b41a95ea,0xdd62ed3e,address,0,0.000,cache,1357,26,success
2025-05-13T16:51:00.820461,3adeb840,0xdd62ed3e,address,0,0.000,cache,1357,26,success
2025-05-13T16:51:00.862048,fc1b5563,0xdd62ed3e,address,0,0.000,cache,1357,26,success
2025-05-13T16:51:00.871055,c47f3440,0xdd62ed3e,address,0,0.000,cache,1357,26,success
2025-05-13T16:51:00.899565,a96f29d8,0xdd62ed3e,address,0,0.000,cache,1357,26,success
2025-05-13T16:51:00.907595,f7add7ca,0xdd62ed3e,address,0,0.000,cache,1357,26,success
2025-05-13T16:51:00.916715,cb9f643c,0xdd62ed3e,address,0,0.000,cache,1357,26,success
2025-05-13T16:51:00.922914,62e21c21,0xdd62ed3e,address,0,0.000,cache,1357,26,success
2025-05-13T16:51:00.928030,7753484d,0xdd62ed3e,address,1,0.000,cache,1357,26,success
2025-05-13T16:51:00.948159,7aa2fe06,0xdd62ed3e,address,1,0.000,cache,1357,26,success
2025-05-13T16:51:00.956493,772d7739,0xdd62ed3e,address,1,0.000,cache,1357,26,success
2025-05-13T16:51:00.980594,4cb84fb0,0xdd62ed3e,address,0,0.000,cache,1357,26,success
2025-05-13T16:51:00.990779,b85b70ea,0xdd62ed3e,address,0,0.000,cache,1357,26,success
2025-05-13T16:51:00.998685,e39c6689,0xdd62ed3e,address,1,0.000,cache,1357,26,success
2025-05-13T16:51:01.007159,a063291a,0xdd62ed3e,address,0,0.000,cache,1357,26,success
2025-05-13T16:51:01.024001,f9e60e5b,0xdd62ed3e,address,0,0.000,cache,1357,26,success
2025-05-13T16:51:01.038475,9ce3bc32,0xdd62ed3e,address,1,0.000,cache,1357,26,success
2025-05-13T16:51:01.047861,38628aea,0xdd62ed3e,address,0,0.000,cache,1357,26,success
2025-05-13T16:51:01.060806,983eb2ee,0xdd62ed3e,address,0,0.000,cache,1357,26,success
2025-05-13T16:51:01.107600,6955aafa,0xdd62ed3e,address,0,0.000,cache,1357,26,success
2025-05-13T16:51:01.114878,734c9078,0xdd62ed3e,address,1,0.000,cache,1357,26,success
2025-05-13T16:51:01.135649,83d8ea35,0xdd62ed3e,address,1,0.000,cache,1357,26,success
2025-05-13T16:51:01.143878,94122481,0xdd62ed3e,address,0,0.000,cache,1357,26,success
2025-05-13T16:51:01.152448,d2444006,0xdd62ed3e,address,0,0.001,cache,1357,26,success
2025-05-13T16:51:01.160806,de839063,0xdd62ed3e,address,1,0.000,cache,1357,26,success
2025-05-13T16:51:07.746940,0f3140e8,0xdd62ed3e,address,1,0.000,cache,1357,26,success
2025-05-13T16:51:07.755196,40753aab,0xdd62ed3e,address,0,0.000,cache,1357,26,success
2025-05-13T16:51:07.767325,8619e3d8,0xdd62ed3e,address,1,0.000,cache,1357,26,success
2025-05-13T16:51:07.786912,80c94490,0xdd62ed3e,address,1,0.000,cache,1357,26,success
2025-05-13T16:51:07.792857,9ba494b4,0xdd62ed3e,address,1,0.000,cache,1357,26,success
2025-05-13T16:51:07.798447,ac5706d3,0xdd62ed3e,address,0,0.000,cache,1357,26,success
2025-05-13T16:51:07.805746,f1101a2e,0xdd62ed3e,address,0,0.000,cache,1357,26,success
2025-05-13T16:51:07.814654,1b5f4af3,0xdd62ed3e,address,0,0.000,cache,1357,26,success
2025-05-13T16:51:07.820870,dfd82c73,0xdd62ed3e,address,1,0.000,cache,1357,26,success
2025-05-13T16:51:07.859418,4c4e4d3b,0xdd62ed3e,address,0,0.000,cache,1357,26,success
2025-05-13T16:51:07.866063,7c6eb02f,0xdd62ed3e,address,0,0.000,cache,1357,26,success
2025-05-13T16:51:07.872811,8643fd47,0xdd62ed3e,address,0,0.000,cache,1357,26,success
2025-05-13T16:51:07.878408,154c330e,0xdd62ed3e,address,0,0.000,cache,1357,26,success
2025-05-13T16:51:07.903465,6ded474d,0xdd62ed3e,address,0,0.000,cache,1357,26,success
2025-05-13T16:51:07.909048,a04be3f1,0xdd62ed3e,address,1,0.000,cache,1357,26,success
2025-05-13T16:51:07.948370,ae19fc99,0xdd62ed3e,address,0,0.000,cache,1357,26,success
2025-05-13T16:51:07.986459,3ab5d1fd,0xdd62ed3e,address,0,0.000,cache,1357,26,success
2025-05-13T16:51:07.992448,e4b52657,0xdd62ed3e,address,1,0.000,cache,1357,26,success
2025-05-13T16:51:08.008180,913330af,0xdd62ed3e,address,1,0.000,cache,1357,26,success
2025-05-13T16:51:15.301451,ffaebcf9,0xdd62ed3e,address,1,0.000,cache,1357,26,success
2025-05-13T16:51:15.310983,cb75b850,0xdd62ed3e,address,1,0.000,cache,1357,26,success
2025-05-13T16:51:15.316030,088dc4e0,0xdd62ed3e,address,0,0.000,cache,1357,26,success
2025-05-13T16:51:15.322226,3f0bec4c,0xdd62ed3e,address,0,0.000,cache,1357,26,success
2025-05-13T16:51:15.330525,68aa0165,0xdd62ed3e,address,0,0.000,cache,1357,26,success
2025-05-13T16:51:15.353393,e57cc1a0,0xdd62ed3e,address,0,0.000,cache,1357,26,success
2025-05-13T16:51:15.383874,666c4401,0xdd62ed3e,address,0,0.000,cache,1357,26,success
2025-05-13T16:51:15.389060,3c5a17cd,0xdd62ed3e,address,1,0.000,cache,1357,26,success
2025-05-13T16:51:15.394807,020b58bb,0xdd62ed3e,address,1,0.000,cache,1357,26,success
2025-05-13T16:51:15.405415,097e6ab4,0xdd62ed3e,address,0,0.000,cache,1357,26,success
2025-05-13T16:51:15.412934,ae1845cf,0xdd62ed3e,address,1,0.000,cache,1357,26,success
2025-05-13T16:51:15.448014,86998162,0xdd62ed3e,address,1,0.000,cache,1357,26,success
2025-05-13T16:51:15.453507,dfc8d4a4,0xdd62ed3e,address,0,0.000,cache,1357,26,success
2025-05-13T16:51:15.460686,42e70736,0xdd62ed3e,address,0,0.000,cache,1357,26,success
2025-05-13T16:51:15.483171,3eb1faa4,0xdd62ed3e,address,0,0.000,cache,1357,26,success
2025-05-13T16:51:15.511697,6a0c18e0,0xdd62ed3e,address,1,0.000,cache,1357,26,success
2025-05-13T16:51:15.517242,c7888759,0xdd62ed3e,address,1,0.000,cache,1357,26,success
2025-05-13T16:51:15.548841,4d8cb2d6,0xdd62ed3e,address,0,0.000,cache,1357,26,success
2025-05-13T16:51:15.587696,3df361c5,0xdd62ed3e,address,1,0.000,cache,1357,26,success
2025-05-13T16:51:15.594670,0cd17b5f,0xdd62ed3e,address,1,0.000,cache,1357,26,success
2025-05-13T16:51:15.603192,9e6d8f13,0xdd62ed3e,address,0,0.000,cache,1357,26,success
2025-05-13T16:51:15.610248,e288d77f,0xdd62ed3e,address,0,0.000,cache,1357,26,success
2025-05-13T16:51:15.617777,db336779,0xdd62ed3e,address,0,0.000,cache,1357,26,success
2025-05-13T16:51:15.625080,a30d8a81,0xdd62ed3e,address,1,0.000,cache,1357,26,success
2025-05-13T16:51:15.645104,3030705b,0xdd62ed3e,address,1,0.000,cache,1357,26,success
2025-05-13T16:51:15.650563,e8a9a0e1,0xdd62ed3e,address,1,0.000,cache,1357,26,success
2025-05-13T16:51:15.656662,f4f95df5,0xdd62ed3e,address,1,0.000,cache,1357,26,success
2025-05-13T16:51:24.098840,0263c0cf,0xdd62ed3e,address,1,0.000,cache,1357,26,success
2025-05-13T16:51:24.109423,5a5ff714,0xdd62ed3e,address,0,0.000,cache,1357,26,success
2025-05-13T16:51:24.116431,55ec53e1,0xdd62ed3e,address,0,0.000,cache,1357,26,success
2025-05-13T16:51:24.123876,5201e648,0xdd62ed3e,address,1,0.000,cache,1357,26,success
2025-05-13T16:51:24.129985,73d7f2fa,0xdd62ed3e,address,0,0.000,cache,1357,26,success
2025-05-13T16:51:24.135732,23cf5949,0xdd62ed3e,address,1,0.000,cache,1357,26,success
2025-05-13T16:51:24.165921,4fbcccae,0xdd62ed3e,address,1,0.000,cache,1357,26,success
2025-05-13T16:51:24.175242,12e8de3e,0xdd62ed3e,address,0,0.000,cache,1357,26,success
2025-05-13T16:51:24.182897,c860ef58,0xdd62ed3e,address,1,0.000,cache,1357,26,success
2025-05-13T16:51:24.205029,0d6d035d,0xdd62ed3e,address,0,0.000,cache,1357,26,success
2025-05-13T16:51:24.210689,f8f325eb,0xdd62ed3e,address,0,0.000,cache,1357,26,success
2025-05-13T16:51:24.217828,1583e635,0xdd62ed3e,address,1,0.000,cache,1357,26,success
2025-05-13T16:51:24.224458,db44eb51,0xdd62ed3e,address,1,0.000,cache,1357,26,success
2025-05-13T16:51:24.280272,0e7eae87,0xdd62ed3e,address,1,0.000,cache,1357,26,success
2025-05-13T16:51:24.291472,9e40574f,0xdd62ed3e,address,1,0.000,cache,1357,26,success
2025-05-13T16:51:24.376826,0aa6f31b,0xdd62ed3e,address,0,0.001,cache,1357,26,success
2025-05-13T16:51:24.387522,6c2a42e5,0xdd62ed3e,address,0,0.000,cache,1357,26,success
2025-05-13T16:51:24.397166,3973e531,0xdd62ed3e,address,0,0.000,cache,1357,26,success
2025-05-13T16:51:24.405065,876c016c,0xdd62ed3e,address,1,0.000,cache,1357,26,success
2025-05-13T16:51:24.431927,5679bfb2,0xdd62ed3e,address,0,0.000,cache,1357,26,success
2025-05-13T16:51:24.440950,54619bcb,0xdd62ed3e,address,1,0.000,cache,1357,26,success
2025-05-13T16:51:24.449404,4751408d,0xdd62ed3e,address,1,0.000,cache,1357,26,success
2025-05-13T16:51:33.539278,a4160640,0xdd62ed3e,address,1,0.000,cache,1357,26,success
2025-05-13T16:51:33.544973,287d7087,0xdd62ed3e,address,0,0.000,cache,1357,26,success
2025-05-13T16:51:33.550889,98e2f3d7,0xdd62ed3e,address,1,0.000,cache,1357,26,success
2025-05-13T16:51:33.575250,a53acde4,0xdd62ed3e,address,0,0.000,cache,1357,26,success
2025-05-13T16:51:33.581537,1af0be59,0xdd62ed3e,address,1,0.000,cache,1357,26,success
2025-05-13T16:51:33.619516,0d869974,0xdd62ed3e,address,0,0.000,cache,1357,26,success
2025-05-13T16:51:33.625908,e6de28cb,0xdd62ed3e,address,1,0.000,cache,1357,26,success
2025-05-13T16:51:33.631818,69bbf1de,0xdd62ed3e,address,1,0.000,cache,1357,26,success
2025-05-13T16:51:33.681246,5df0a39a,0xdd62ed3e,address,0,0.000,cache,1357,26,success
2025-05-13T16:51:33.687159,7f6b3baf,0xdd62ed3e,address,0,0.000,cache,1357,26,success
2025-05-13T16:51:33.712519,59a7f3bc,0xdd62ed3e,address,0,0.000,cache,1357,26,success
2025-05-13T16:51:33.717943,c9e90484,0xdd62ed3e,address,1,0.000,cache,1357,26,success
2025-05-13T16:51:33.727817,4176044f,0xdd62ed3e,address,1,0.000,cache,1357,26,success
2025-05-13T16:51:33.734065,a1fbfc9c,0xdd62ed3e,address,1,0.000,cache,1357,26,success
2025-05-13T16:51:33.760623,16b9d05c,0xdd62ed3e,address,1,0.000,cache,1357,26,success
2025-05-13T16:51:33.789669,d10c0aa9,0xdd62ed3e,address,1,0.000,cache,1357,26,success
2025-05-13T16:51:33.796729,c9b88bde,0xdd62ed3e,address,0,0.000,cache,1357,26,success
2025-05-13T16:51:33.804952,27f643a4,0xdd62ed3e,address,0,0.000,cache,1357,26,success
2025-05-13T16:51:33.810724,3ce800f0,0xdd62ed3e,address,1,0.000,cache,1357,26,success
2025-05-13T16:51:33.816604,79ebdc83,0xdd62ed3e,address,1,0.000,cache,1357,26,success
2025-05-13T16:51:33.825482,4adaafa4,0xdd62ed3e,address,0,0.000,cache,1357,26,success
2025-05-13T16:51:33.831348,67e791f2,0xdd62ed3e,address,1,0.000,cache,1357,26,success
2025-05-17T00:19:15.378482,030c4e6b,decimals,unknown,-1,46.017,rag,1095,14,success
2025-05-17T00:20:02.850030,15d75fe3,allowance,unknown,-1,47.460,rag,1492,128,success
2025-05-17T00:29:29.131394,602a35f5,decimals,unknown,-1,0.000,cache,1095,14,success
2025-05-17T00:29:29.141405,cbf874d8,allowance,unknown,-1,0.000,cache,1492,128,success
2025-05-17T00:29:47.641397,f1a89f78,allowance,unknown,-1,0.000,cache,1492,128,success
2025-05-17T00:33:06.005750,6cda5d01,totalSupply,unknown,-1,47.041,rag,1692,14,success
2025-05-17T00:33:06.020203,c303f416,decimals,unknown,-1,0.000,cache,1095,14,success
2025-05-17T00:33:23.784063,e964519c,decreaseAllowance,unknown,-1,17.754,rag,1231,26,success
2025-05-17T00:34:11.170141,fe5903ae,decreaseAllowance,unknown,-1,47.377,rag,1220,69,success
2025-05-17T00:35:04.264271,2c5f8707,owner,unknown,-1,53.081,rag,907,14,success
2025-05-17T00:35:55.479421,865c7d4f,name,unknown,-1,51.206,rag,1213,26,success
2025-05-17T00:36:34.731414,57368f72,transferOwnership,unknown,-1,39.240,rag,1032,46,success
2025-05-17T00:37:05.326214,022b566a,transfer,unknown,-1,30.582,rag,1574,61,success
2025-05-17T00:37:21.507132,e63e0310,increaseAllowance,unknown,-1,16.171,rag,1066,26,success
2025-05-17T00:38:02.399739,75a7f3fd,increaseAllowance,unknown,-1,40.884,rag,1055,69,success
2025-05-17T00:38:46.176219,f2491a82,transferFrom,unknown,-1,43.766,rag,1337,160,success
2025-05-17T00:39:38.667463,418bccb4,approve,unknown,-1,52.481,rag,1401,69,success
2025-05-17T00:40:22.465896,cdcd1313,balanceOf,unknown,-1,43.788,rag,1638,26,success
2025-05-17T00:40:22.475697,ccefa1e0,balanceOf,unknown,-1,0.000,cache,1638,26,success
2025-05-17T00:40:22.486371,8d15165d,allowance,unknown,-1,0.000,cache,1492,128,success
2025-05-17T00:41:02.565500,829065bd,symbol,unknown,-1,40.065,rag,1155,14,success
2025-05-17T00:41:02.577924,f6c67125,name,unknown,-1,0.000,cache,1213,26,success
2025-05-17T00:41:02.591005,1b80712e,balanceOf,unknown,-1,0.000,cache,1638,26,success
2025-05-17T00:41:02.599715,d62c0b80,balanceOf,unknown,-1,0.000,cache,1638,26,success
2025-05-17T00:52:56.631782,adaef2e0,approve,unknown,-1,0.000,cache,1401,69,success
2025-05-17T00:52:56.643791,f9d62670,transferFrom,unknown,-1,0.000,cache,1337,160,success
2025-05-17T00:52:56.654798,fc3a77f8,decreaseAllowance,unknown,-1,0.000,cache,1231,26,success
2025-05-17T00:52:56.663264,02b7278f,decreaseAllowance,unknown,-1,0.000,cache,1220,69,success
2025-05-17T00:52:56.673238,e856076c,increaseAllowance,unknown,-1,0.000,cache,1066,26,success
2025-05-17T00:52:56.681949,ba290cbb,increaseAllowance,unknown,-1,0.000,cache,1055,69,success
2025-05-17T00:52:56.691340,95d62869,totalSupply,unknown,-1,0.000,cache,1692,14,success
2025-05-17T00:52:56.700213,66adb117,symbol,unknown,-1,0.000,cache,1155,14,success
2025-05-17T00:52:56.708307,d9446daa,decimals,unknown,-1,0.000,cache,1095,14,success
2025-05-17T00:52:56.715841,3bb7a3e2,transfer,unknown,-1,0.000,cache,1574,61,success
2025-05-17T00:52:56.728890,13b76153,allowance,unknown,-1,0.000,cache,1492,128,success
2025-05-17T00:52:56.737554,5cf79d5d,transferOwnership,unknown,-1,0.000,cache,1032,46,success
2025-05-17T00:52:56.748275,bdd8c57e,name,unknown,-1,0.000,cache,1213,26,success
2025-05-17T00:52:56.756491,acb82390,balanceOf,unknown,-1,0.000,cache,1638,26,success
2025-05-17T00:52:56.768749,1209eebb,balanceOf,unknown,-1,0.000,cache,1638,26,success
2025-05-17T00:52:56.781161,0dc85265,owner,unknown,-1,0.000,cache,907,14,success
2025-05-17T00:52:56.800607,17a9e065,name,unknown,-1,0.000,cache,1213,26,success
2025-05-17T00:52:56.809747,0de72c17,balanceOf,unknown,-1,0.000,cache,1638,26,success
2025-05-17T00:52:56.818235,92fdd929,balanceOf,unknown,-1,0.000,cache,1638,26,success
2025-05-17T01:24:27.121925,c3236a96,transferOwnership,unknown,-1,0.000,cache,1032,46,success
2025-05-17T01:24:27.131801,9131fb8c,name,unknown,-1,0.000,cache,1213,26,success
2025-05-17T01:25:07.379068,52c5fa2e,transfer,unknown,-1,40.238,rag,1698,67,success
2025-05-17T01:25:07.388566,dd2163cc,symbol,unknown,-1,0.000,cache,1155,14,success
2025-05-17T01:25:07.399232,e9c1a5c6,transferFrom,unknown,-1,0.000,cache,1337,160,success
2025-05-17T01:25:07.407269,c5c4ba22,decimals,unknown,-1,0.000,cache,1095,14,success
2025-05-17T01:25:07.416991,5461b999,transfer,unknown,-1,0.000,cache,1698,67,success
2025-05-17T01:25:48.713318,c7db747e,approve,unknown,-1,41.274,rag,1527,69,success
2025-05-17T01:25:48.724169,036d2d87,name,unknown,-1,0.000,cache,1213,26,success
2025-05-17T01:25:48.743879,93b42b90,totalSupply,unknown,-1,0.000,cache,1692,14,success
2025-05-17T01:25:48.755897,832a7229,name,unknown,-1,0.001,cache,1213,26,success
2025-05-17T01:25:48.768631,712b7639,name,unknown,-1,0.001,cache,1213,26,success
2025-05-17T01:25:48.785229,592886c9,name,unknown,-1,0.000,cache,1213,26,success
2025-05-17T01:25:48.799409,90b5d0b0,name,unknown,-1,0.000,cache,1213,26,success
2025-05-17T01:25:48.815688,495b33f7,name,unknown,-1,0.001,cache,1213,26,success
2025-05-17T01:25:48.828302,68534167,name,unknown,-1,0.000,cache,1213,26,success
2025-05-17T01:25:50.005831,3f706901,name,unknown,-1,0.000,cache,1213,26,success
2025-05-17T01:26:34.841447,06e9f13d,approve,unknown,-1,44.816,rag,1516,69,success
2025-05-17T01:26:34.863840,83f19ddc,name,unknown,-1,0.001,cache,1213,26,success
2025-05-17T01:26:34.883839,fce238ad,name,unknown,-1,0.000,cache,1213,26,success
2025-05-17T01:26:34.916646,0ff5d928,name,unknown,-1,0.000,cache,1213,26,success
2025-05-17T01:26:34.948520,2efb3967,name,unknown,-1,0.000,cache,1213,26,success
2025-05-17T01:26:39.255575,d81a2d50,name,unknown,-1,0.000,cache,1213,26,success
2025-05-17T01:26:39.270952,ea2daebd,name,unknown,-1,0.000,cache,1213,26,success
2025-05-17T01:36:54.276571,24ca76d3,transferOwnership,unknown,-1,0.000,cache,1032,46,success
2025-05-17T01:36:54.285094,7ba87620,name,unknown,-1,0.000,cache,1213,26,success
2025-05-17T01:36:54.295237,06672255,transfer,unknown,-1,0.000,cache,1698,67,success
2025-05-17T01:36:54.306702,b5afc7f0,symbol,unknown,-1,0.000,cache,1155,14,success
2025-05-17T01:36:54.317006,74ac9ecb,transferFrom,unknown,-1,0.000,cache,1337,160,success
2025-05-17T01:36:54.325538,1e36b45e,decimals,unknown,-1,0.000,cache,1095,14,success
2025-05-17T01:36:54.334129,aa454ac8,transfer,unknown,-1,0.000,cache,1698,67,success
2025-05-17T01:36:54.343240,d2e33b3a,approve,unknown,-1,0.000,cache,1527,69,success
2025-05-17T01:36:54.377027,da1aeb57,totalSupply,unknown,-1,0.000,cache,1692,14,success
2025-05-17T01:36:54.989440,7861aef0,approve,unknown,-1,0.000,cache,1516,69,success
2025-05-17T01:36:57.804950,683b9e0c,decreaseAllowance,unknown,-1,0.000,cache,1231,26,success
2025-05-17T01:37:02.318413,2b32149a,balanceOf,unknown,-1,0.000,cache,1638,26,success
2025-05-17T01:37:08.261538,15f44921,increaseAllowance,unknown,-1,0.001,cache,1066,26,success
2025-05-17T01:37:35.193802,fe25dde2,allowance,unknown,-1,0.000,cache,1492,128,success
